ts,symbol,open,high,low,close,volume
2026-01-08T12:32:00+00:00,MGC,4430.3,4432.2,4429.6,4431.5,452.0
2026-01-08T12:33:00+00:00,MGC,4431.7,4434.2,4431.5,4432.6,548.0
2026-01-08T12:34:00+00:00,MGC,4432.5,4432.6,4430.9,4431.7,334.0
2026-01-08T12:35:00+00:00,MGC,4431.5,4431.5,4430.0,4430.1,374.0
2026-01-08T12:36:00+00:00,MGC,4430.2,4432.7,4429.5,4432.7,357.0
2026-01-08T12:37:00+00:00,MGC,4432.8,4434.0,4432.2,4433.8,352.0
2026-01-08T12:38:00+00:00,MGC,4433.6,4434.4,4432.7,4434.4,253.0
2026-01-08T12:39:00+00:00,MGC,4434.3,4436.4,4434.1,4435.7,463.0
2026-01-08T12:40:00+00:00,MGC,4435.5,4435.7,4434.5,4435.2,246.0
2026-01-08T12:41:00+00:00,MGC,4435.5,4437.8,4435.5,4437.7,450.0
2026-01-08T12:42:00+00:00,MGC,4437.6,4438.3,4436.9,4438.0,272.0
2026-01-08T12:43:00+00:00,MGC,4437.9,4438.6,4437.2,4438.4,272.0
2026-01-08T12:44:00+00:00,MGC,4438.4,4439.1,4436.0,4436.6,489.0
2026-01-08T12:45:00+00:00,MGC,4436.8,4437.6,4435.3,4435.4,419.0
2026-01-08T12:46:00+00:00,MGC,4435.4,4436.5,4434.3,4435.0,341.0
2026-01-08T12:47:00+00:00,MGC,4435.1,4437.1,4434.8,4436.8,220.0
2026-01-08T12:48:00+00:00,MGC,4436.8,4438.0,4436.6,4437.0,235.0
2026-01-08T12:49:00+00:00,MGC,4437.1,4438.1,4436.0,4436.2,258.0
2026-01-08T12:50:00+00:00,MGC,4436.0,4436.3,4434.6,4435.2,285.0
2026-01-08T12:51:00+00:00,MGC,4435.1,4438.0,4435.1,4436.9,214.0
2026-01-08T12:52:00+00:00,MGC,4436.8,4437.3,4436.2,4436.7,141.0
2026-01-08T12:53:00+00:00,MGC,4436.5,4437.6,4436.0,4436.5,148.0
2026-01-08T12:54:00+00:00,MGC,4436.4,4436.8,4433.8,4435.0,265.0
2026-01-08T12:55:00+00:00,MGC,4434.9,4436.5,4434.1,4435.8,229.0
2026-01-08T12:56:00+00:00,MGC,4435.8,4436.0,4435.1,4435.6,124.0
2026-01-08T12:57:00+00:00,MGC,4435.6,4436.4,4435.4,4435.6,89.0
2026-01-08T12:58:00+00:00,MGC,4435.7,4436.1,4434.5,4435.2,180.0
2026-01-08T12:59:00+00:00,MGC,4435.2,4435.3,4433.6,4435.2,224.0
2026-01-08T13:00:00+00:00,MGC,4435.3,4437.4,4434.1,4435.1,801.0
2026-01-08T13:01:00+00:00,MGC,4435.3,4435.6,4432.8,4433.2,508.0
2026-01-08T13:02:00+00:00,MGC,4433.3,4434.3,4432.0,4433.7,474.0
2026-01-08T13:03:00+00:00,MGC,4433.5,4434.6,4432.5,4434.0,327.0
2026-01-08T13:04:00+00:00,MGC,4434.0,4434.9,4430.9,4431.2,335.0
2026-01-08T13:05:00+00:00,MGC,4431.4,4431.7,4427.6,4429.1,961.0
2026-01-08T13:06:00+00:00,MGC,4428.9,4428.9,4425.4,4428.8,969.0
2026-01-08T13:07:00+00:00,MGC,4428.5,4428.8,4426.2,4427.4,580.0
2026-01-08T13:08:00+00:00,MGC,4427.3,4429.2,4426.7,4428.5,520.0
2026-01-08T13:09:00+00:00,MGC,4428.4,4429.1,4426.1,4426.5,479.0
2026-01-08T13:10:00+00:00,MGC,4426.5,4427.7,4425.0,4426.6,705.0
2026-01-08T13:11:00+00:00,MGC,4426.6,4429.1,4426.1,4427.7,663.0
2026-01-08T13:12:00+00:00,MGC,4427.6,4429.0,4425.9,4427.6,476.0
2026-01-08T13:13:00+00:00,MGC,4427.7,4428.7,4425.7,4427.3,299.0
2026-01-08T13:14:00+00:00,MGC,4427.3,4429.1,4426.2,4428.5,420.0
2026-01-08T13:15:00+00:00,MGC,4428.5,4431.2,4428.4,4430.7,707.0
2026-01-08T13:16:00+00:00,MGC,4430.5,4432.3,4429.2,4430.4,555.0
2026-01-08T13:17:00+00:00,MGC,4430.2,4433.0,4430.1,4432.4,336.0
2026-01-08T13:18:00+00:00,MGC,4432.6,4434.2,4432.1,4434.2,337.0
2026-01-08T13:19:00+00:00,MGC,4434.3,4435.8,4433.7,4433.8,619.0
2026-01-08T13:20:00+00:00,MGC,4433.9,4437.7,4433.8,4437.3,689.0
2026-01-08T13:21:00+00:00,MGC,4437.3,4438.6,4436.5,4438.0,471.0
2026-01-08T13:22:00+00:00,MGC,4438.1,4441.1,4437.3,4440.6,971.0
2026-01-08T13:23:00+00:00,MGC,4440.5,4441.2,4438.5,4440.1,703.0
2026-01-08T13:24:00+00:00,MGC,4439.9,4441.1,4438.8,4440.3,372.0
2026-01-08T13:25:00+00:00,MGC,4440.2,4444.5,4440.2,4443.0,1315.0
2026-01-08T13:26:00+00:00,MGC,4442.8,4444.0,4439.1,4441.2,761.0
2026-01-08T13:27:00+00:00,MGC,4441.2,4441.3,4439.1,4439.6,275.0
2026-01-08T13:28:00+00:00,MGC,4439.7,4441.0,4439.4,4440.0,319.0
2026-01-08T13:29:00+00:00,MGC,4440.0,4442.8,4439.6,4442.0,255.0
2026-01-08T13:30:00+00:00,MGC,4442.8,4443.0,4435.8,4437.7,872.0
2026-01-08T13:31:00+00:00,MGC,4437.8,4438.3,4435.5,4435.9,460.0
2026-01-08T13:32:00+00:00,MGC,4436.0,4438.4,4435.2,4437.6,495.0
2026-01-08T13:33:00+00:00,MGC,4437.5,4437.5,4434.4,4435.6,471.0
2026-01-08T13:34:00+00:00,MGC,4435.4,4436.7,4434.5,4435.7,480.0
2026-01-08T13:35:00+00:00,MGC,4435.7,4439.2,4435.5,4438.6,525.0
2026-01-08T13:36:00+00:00,MGC,4438.6,4439.9,4438.1,4438.4,420.0
2026-01-08T13:37:00+00:00,MGC,4438.3,4439.2,4436.4,4438.2,308.0
2026-01-08T13:38:00+00:00,MGC,4438.2,4440.8,4438.2,4439.7,440.0
2026-01-08T13:39:00+00:00,MGC,4440.0,4440.0,4437.0,4437.5,371.0
2026-01-08T13:40:00+00:00,MGC,4437.5,4437.9,4434.7,4435.1,499.0
2026-01-08T13:41:00+00:00,MGC,4435.1,4439.3,4434.4,4439.2,520.0
2026-01-08T13:42:00+00:00,MGC,4439.3,4441.7,4439.0,4441.1,559.0
2026-01-08T13:43:00+00:00,MGC,4440.9,4443.8,4440.8,4443.8,607.0
2026-01-08T13:44:00+00:00,MGC,4443.8,4444.4,4441.8,4441.9,660.0
2026-01-08T13:45:00+00:00,MGC,4442.0,4442.7,4440.4,4441.1,423.0
2026-01-08T13:46:00+00:00,MGC,4440.9,4442.3,4439.2,4440.2,515.0
2026-01-08T13:47:00+00:00,MGC,4440.5,4440.7,4438.6,4439.8,292.0
2026-01-08T13:48:00+00:00,MGC,4439.9,4442.0,4439.6,4440.8,231.0
2026-01-08T13:49:00+00:00,MGC,4441.0,4441.5,4437.8,4437.8,378.0
2026-01-08T13:50:00+00:00,MGC,4437.9,4439.1,4437.1,4437.1,367.0
2026-01-08T13:51:00+00:00,MGC,4437.0,4438.9,4436.6,4437.7,290.0
2026-01-08T13:52:00+00:00,MGC,4437.8,4438.3,4436.5,4438.2,218.0
2026-01-08T13:53:00+00:00,MGC,4438.5,4439.8,4437.5,4438.0,282.0
2026-01-08T13:54:00+00:00,MGC,4437.8,4438.4,4432.6,4433.3,895.0
2026-01-08T13:55:00+00:00,MGC,4433.5,4434.2,4431.1,4431.3,700.0
2026-01-08T13:56:00+00:00,MGC,4431.4,4433.5,4431.0,4433.0,640.0
2026-01-08T13:57:00+00:00,MGC,4433.4,4433.4,4431.5,4433.2,328.0
2026-01-08T13:58:00+00:00,MGC,4433.1,4433.6,4430.5,4430.8,395.0
2026-01-08T13:59:00+00:00,MGC,4430.7,4433.4,4429.7,4432.2,806.0
2026-01-08T14:00:00+00:00,MGC,4432.2,4432.6,4429.3,4431.6,956.0
2026-01-08T14:01:00+00:00,MGC,4431.6,4434.5,4430.4,4432.2,821.0
2026-01-08T14:02:00+00:00,MGC,4432.9,4433.1,4430.1,4431.4,480.0
2026-01-08T14:03:00+00:00,MGC,4431.6,4435.4,4431.6,4434.8,730.0
2026-01-08T14:04:00+00:00,MGC,4434.6,4436.5,4432.7,4432.8,859.0
2026-01-08T14:05:00+00:00,MGC,4432.7,4434.3,4430.4,4432.9,729.0
2026-01-08T14:06:00+00:00,MGC,4432.8,4435.6,4431.2,4434.1,779.0
2026-01-08T14:07:00+00:00,MGC,4434.2,4434.6,4429.7,4429.9,680.0
2026-01-08T14:08:00+00:00,MGC,4429.9,4429.9,4427.1,4428.8,1037.0
2026-01-08T14:09:00+00:00,MGC,4428.8,4432.5,4428.3,4431.8,597.0
2026-01-08T14:10:00+00:00,MGC,4432.2,4433.2,4430.4,4432.8,599.0
2026-01-08T14:11:00+00:00,MGC,4432.8,4435.3,4432.4,4434.5,654.0
2026-01-08T14:12:00+00:00,MGC,4434.6,4436.3,4434.1,4436.2,524.0
2026-01-08T14:13:00+00:00,MGC,4436.3,4436.3,4433.9,4434.1,353.0
2026-01-08T14:14:00+00:00,MGC,4434.3,4434.4,4431.5,4431.8,443.0
2026-01-08T14:15:00+00:00,MGC,4431.8,4432.2,4429.5,4431.1,586.0
2026-01-08T14:16:00+00:00,MGC,4431.2,4431.2,4427.6,4430.7,775.0
2026-01-08T14:17:00+00:00,MGC,4431.0,4432.5,4430.7,4432.3,333.0
2026-01-08T14:18:00+00:00,MGC,4431.9,4435.5,4431.8,4435.1,608.0
2026-01-08T14:19:00+00:00,MGC,4435.1,4436.3,4433.8,4436.0,600.0
2026-01-08T14:20:00+00:00,MGC,4435.8,4436.2,4433.1,4433.7,454.0
2026-01-08T14:21:00+00:00,MGC,4433.5,4433.6,4429.7,4429.7,694.0
2026-01-08T14:22:00+00:00,MGC,4429.7,4431.0,4428.9,4430.7,430.0
2026-01-08T14:23:00+00:00,MGC,4430.5,4434.5,4430.3,4434.4,518.0
2026-01-08T14:24:00+00:00,MGC,4434.3,4437.8,4434.1,4437.6,536.0
2026-01-08T14:25:00+00:00,MGC,4437.6,4438.8,4437.3,4438.2,483.0
2026-01-08T14:26:00+00:00,MGC,4438.3,4438.5,4436.7,4436.7,343.0
2026-01-08T14:27:00+00:00,MGC,4436.7,4437.4,4435.9,4436.2,250.0
2026-01-08T14:28:00+00:00,MGC,4436.1,4436.9,4435.7,4436.3,237.0
2026-01-08T14:29:00+00:00,MGC,4436.2,4437.2,4435.0,4436.3,309.0
2026-01-08T14:30:00+00:00,MGC,4436.5,4436.5,4431.5,4434.9,1333.0
2026-01-08T14:31:00+00:00,MGC,4434.7,4435.5,4430.3,4431.9,755.0
2026-01-08T14:32:00+00:00,MGC,4431.9,4441.7,4431.8,4440.7,1298.0
2026-01-08T14:33:00+00:00,MGC,4440.9,4442.0,4437.0,4437.1,1193.0
2026-01-08T14:34:00+00:00,MGC,4437.2,4441.5,4437.2,4439.1,556.0
2026-01-08T14:35:00+00:00,MGC,4439.4,4442.5,4439.2,4439.8,788.0
2026-01-08T14:36:00+00:00,MGC,4439.9,4444.1,4439.8,4441.0,979.0
2026-01-08T14:37:00+00:00,MGC,4441.0,4444.0,4438.6,4438.9,794.0
2026-01-08T14:38:00+00:00,MGC,4438.8,4442.6,4438.0,4442.5,812.0
2026-01-08T14:39:00+00:00,MGC,4442.4,4444.0,4437.5,4437.7,822.0
2026-01-08T14:40:00+00:00,MGC,4437.9,4440.6,4437.2,4440.2,846.0
2026-01-08T14:41:00+00:00,MGC,4440.1,4440.1,4436.4,4438.3,553.0
2026-01-08T14:42:00+00:00,MGC,4438.4,4438.7,4435.0,4435.3,756.0
2026-01-08T14:43:00+00:00,MGC,4435.2,4439.2,4433.7,4439.1,706.0
2026-01-08T14:44:00+00:00,MGC,4438.9,4441.0,4434.4,4434.8,639.0
2026-01-08T14:45:00+00:00,MGC,4434.7,4438.6,4434.4,4438.0,689.0
2026-01-08T14:46:00+00:00,MGC,4438.2,4443.4,4436.9,4443.0,828.0
2026-01-08T14:47:00+00:00,MGC,4443.2,4446.8,4443.0,4446.0,1527.0
2026-01-08T14:48:00+00:00,MGC,4446.1,4446.1,4442.8,4445.1,793.0
2026-01-08T14:49:00+00:00,MGC,4445.0,4446.4,4444.0,4445.3,716.0
2026-01-08T14:50:00+00:00,MGC,4445.2,4448.2,4441.7,4441.7,1295.0
2026-01-08T14:51:00+00:00,MGC,4442.0,4443.5,4439.7,4441.2,843.0
2026-01-08T14:52:00+00:00,MGC,4441.1,4444.5,4440.8,4443.6,521.0
2026-01-08T14:53:00+00:00,MGC,4443.6,4446.1,4442.1,4442.8,695.0
2026-01-08T14:54:00+00:00,MGC,4442.7,4444.5,4441.4,4443.8,706.0
2026-01-08T14:55:00+00:00,MGC,4443.6,4444.6,4442.4,4443.6,464.0
2026-01-08T14:56:00+00:00,MGC,4443.3,4444.4,4441.3,4442.2,426.0
2026-01-08T14:57:00+00:00,MGC,4442.2,4445.8,4441.8,4444.8,469.0
2026-01-08T14:58:00+00:00,MGC,4444.9,4446.0,4443.6,4443.6,433.0
2026-01-08T14:59:00+00:00,MGC,4443.5,4444.0,4440.6,4441.6,580.0
2026-01-08T15:00:00+00:00,MGC,4441.4,4441.4,4436.4,4436.7,1841.0
2026-01-08T15:01:00+00:00,MGC,4436.8,4440.0,4436.4,4439.6,676.0
2026-01-08T15:02:00+00:00,MGC,4439.5,4440.8,4437.8,4440.4,898.0
2026-01-08T15:03:00+00:00,MGC,4440.3,4443.3,4438.7,4441.9,915.0
2026-01-08T15:04:00+00:00,MGC,4441.9,4443.5,4441.9,4443.4,605.0
2026-01-08T15:05:00+00:00,MGC,4443.5,4449.0,4442.6,4448.6,1667.0
2026-01-08T15:06:00+00:00,MGC,4448.4,4449.3,4446.5,4447.3,762.0
2026-01-08T15:07:00+00:00,MGC,4447.4,4450.6,4446.8,4449.0,1196.0
2026-01-08T15:08:00+00:00,MGC,4449.0,4450.5,4447.2,4450.4,726.0
2026-01-08T15:09:00+00:00,MGC,4450.5,4453.7,4450.3,4453.3,1738.0
2026-01-08T15:10:00+00:00,MGC,4453.4,4457.7,4453.3,4456.4,2061.0
2026-01-08T15:11:00+00:00,MGC,4456.3,4458.4,4455.2,4457.7,1065.0
2026-01-08T15:12:00+00:00,MGC,4457.9,4457.9,4454.6,4455.5,926.0
2026-01-08T15:13:00+00:00,MGC,4455.5,4456.2,4453.4,4453.4,720.0
2026-01-08T15:14:00+00:00,MGC,4453.3,4457.1,4452.5,4456.8,827.0
2026-01-08T15:15:00+00:00,MGC,4456.8,4457.8,4455.1,4457.8,712.0
2026-01-08T15:16:00+00:00,MGC,4457.8,4461.8,4456.0,4461.4,1787.0
2026-01-08T15:17:00+00:00,MGC,4461.5,4463.2,4460.7,4461.4,1216.0
2026-01-08T15:18:00+00:00,MGC,4461.2,4461.8,4458.3,4459.0,837.0
2026-01-08T15:19:00+00:00,MGC,4459.0,4459.1,4455.5,4456.4,858.0
2026-01-08T15:20:00+00:00,MGC,4456.5,4460.1,4455.2,4457.5,1092.0
2026-01-08T15:21:00+00:00,MGC,4457.7,4457.7,4454.6,4456.2,738.0
2026-01-08T15:22:00+00:00,MGC,4456.0,4457.6,4453.6,4454.3,710.0
2026-01-08T15:23:00+00:00,MGC,4454.3,4456.0,4452.7,4456.0,665.0
2026-01-08T15:24:00+00:00,MGC,4456.2,4458.4,4454.8,4456.1,780.0
2026-01-08T15:25:00+00:00,MGC,4456.2,4457.1,4454.1,4454.7,495.0
2026-01-08T15:26:00+00:00,MGC,4454.9,4454.9,4452.1,4452.8,579.0
2026-01-08T15:27:00+00:00,MGC,4452.6,4455.4,4452.5,4453.7,403.0
2026-01-08T15:28:00+00:00,MGC,4453.9,4457.7,4453.9,4457.1,696.0
2026-01-08T15:29:00+00:00,MGC,4457.1,4457.5,4455.0,4456.9,375.0
2026-01-08T15:30:00+00:00,MGC,4456.9,4459.3,4455.8,4457.5,899.0
2026-01-08T15:31:00+00:00,MGC,4457.7,4461.1,4456.2,4459.9,846.0
2026-01-08T15:32:00+00:00,MGC,4459.8,4461.4,4458.6,4461.4,658.0
2026-01-08T15:33:00+00:00,MGC,4461.5,4462.4,4460.1,4460.8,766.0
2026-01-08T15:34:00+00:00,MGC,4460.6,4462.5,4459.7,4460.0,617.0
2026-01-08T15:35:00+00:00,MGC,4460.2,4461.3,4458.0,4458.5,649.0
2026-01-08T15:36:00+00:00,MGC,4458.4,4459.3,4457.2,4457.4,466.0
2026-01-08T15:37:00+00:00,MGC,4457.4,4458.9,4456.7,4457.9,475.0
2026-01-08T15:38:00+00:00,MGC,4457.7,4457.8,4456.0,4456.3,412.0
2026-01-08T15:39:00+00:00,MGC,4456.3,4460.6,4456.0,4459.3,540.0
2026-01-08T15:40:00+00:00,MGC,4459.3,4461.9,4459.3,4461.9,616.0
2026-01-08T15:41:00+00:00,MGC,4461.9,4464.8,4460.6,4461.5,1168.0
2026-01-08T15:42:00+00:00,MGC,4461.6,4463.1,4459.1,4463.0,595.0
2026-01-08T15:43:00+00:00,MGC,4463.1,4464.6,4462.6,4464.0,791.0
2026-01-08T15:44:00+00:00,MGC,4463.9,4464.5,4461.8,4462.3,521.0
2026-01-08T15:45:00+00:00,MGC,4462.3,4464.0,4461.0,4461.2,579.0
2026-01-08T15:46:00+00:00,MGC,4461.5,4462.1,4460.2,4461.0,563.0
2026-01-08T15:47:00+00:00,MGC,4461.2,4462.6,4459.0,4459.0,460.0
2026-01-08T15:48:00+00:00,MGC,4459.1,4463.4,4458.7,4462.9,588.0
2026-01-08T15:49:00+00:00,MGC,4463.1,4464.9,4462.7,4463.6,631.0
2026-01-08T15:50:00+00:00,MGC,4463.8,4465.7,4461.9,4463.4,813.0
2026-01-08T15:51:00+00:00,MGC,4463.5,4463.7,4461.1,4461.2,432.0
2026-01-08T15:52:00+00:00,MGC,4461.2,4462.0,4460.5,4460.9,491.0
2026-01-08T15:53:00+00:00,MGC,4460.8,4462.1,4459.8,4460.6,434.0
2026-01-08T15:54:00+00:00,MGC,4460.7,4461.5,4457.1,4457.4,672.0
2026-01-08T15:55:00+00:00,MGC,4457.6,4459.8,4456.7,4459.3,620.0
2026-01-08T15:56:00+00:00,MGC,4459.4,4460.4,4457.4,4460.4,487.0
2026-01-08T15:57:00+00:00,MGC,4460.3,4462.2,4459.7,4462.0,419.0
2026-01-08T15:58:00+00:00,MGC,4462.2,4465.0,4462.0,4464.9,605.0
2026-01-08T15:59:00+00:00,MGC,4464.8,4464.9,4462.9,4463.5,403.0
2026-01-08T16:00:00+00:00,MGC,4463.4,4464.2,4461.7,4462.7,389.0
2026-01-08T16:01:00+00:00,MGC,4462.7,4466.8,4462.7,4466.2,764.0
2026-01-08T16:02:00+00:00,MGC,4466.1,4467.5,4465.9,4466.7,741.0
2026-01-08T16:03:00+00:00,MGC,4466.8,4467.2,4464.2,4465.0,486.0
2026-01-08T16:04:00+00:00,MGC,4465.0,4465.6,4463.0,4463.2,476.0
2026-01-08T16:05:00+00:00,MGC,4463.1,4463.1,4461.5,4461.7,507.0
2026-01-08T16:06:00+00:00,MGC,4461.8,4462.8,4460.9,4461.2,419.0
2026-01-08T16:07:00+00:00,MGC,4461.1,4463.7,4460.8,4463.3,357.0
2026-01-08T16:08:00+00:00,MGC,4463.2,4464.0,4461.4,4461.6,346.0
2026-01-08T16:09:00+00:00,MGC,4461.5,4462.1,4460.3,4461.1,256.0
2026-01-08T16:10:00+00:00,MGC,4461.2,4462.5,4459.8,4459.8,442.0
2026-01-08T16:11:00+00:00,MGC,4459.7,4460.9,4459.3,4460.4,460.0
2026-01-08T16:12:00+00:00,MGC,4460.2,4461.5,4460.1,4460.7,181.0
2026-01-08T16:13:00+00:00,MGC,4460.9,4461.0,4458.1,4458.2,451.0
2026-01-08T16:14:00+00:00,MGC,4458.1,4458.9,4456.4,4456.5,662.0
2026-01-08T16:15:00+00:00,MGC,4456.6,4459.1,4456.2,4458.3,563.0
2026-01-08T16:16:00+00:00,MGC,4458.4,4459.6,4457.3,4459.2,388.0
2026-01-08T16:17:00+00:00,MGC,4459.2,4459.5,4457.6,4458.0,260.0
2026-01-08T16:18:00+00:00,MGC,4458.0,4461.0,4457.8,4460.6,503.0
2026-01-08T16:19:00+00:00,MGC,4460.5,4462.2,4458.9,4460.1,473.0
2026-01-08T16:20:00+00:00,MGC,4460.2,4463.8,4460.2,4462.6,576.0
2026-01-08T16:21:00+00:00,MGC,4462.5,4463.3,4462.0,4462.8,298.0
2026-01-08T16:22:00+00:00,MGC,4462.7,4462.9,4461.0,4461.7,252.0
2026-01-08T16:23:00+00:00,MGC,4461.8,4462.5,4460.4,4460.5,280.0
2026-01-08T16:24:00+00:00,MGC,4460.4,4462.1,4460.0,4461.7,251.0
2026-01-08T16:25:00+00:00,MGC,4461.7,4462.9,4460.7,4462.6,298.0
2026-01-08T16:26:00+00:00,MGC,4462.4,4463.6,4462.0,4462.1,220.0
2026-01-08T16:27:00+00:00,MGC,4462.2,4462.9,4461.8,4462.0,177.0
2026-01-08T16:28:00+00:00,MGC,4462.0,4464.6,4461.6,4464.5,358.0
2026-01-08T16:29:00+00:00,MGC,4464.5,4464.7,4462.1,4462.9,252.0
2026-01-08T16:30:00+00:00,MGC,4462.8,4464.0,4460.9,4463.3,336.0
2026-01-08T16:31:00+00:00,MGC,4463.2,4464.6,4462.3,4464.3,254.0
2026-01-08T16:32:00+00:00,MGC,4464.4,4468.6,4463.8,4468.4,1016.0
2026-01-08T16:33:00+00:00,MGC,4468.3,4470.4,4467.4,4469.8,923.0
2026-01-08T16:34:00+00:00,MGC,4469.6,4471.5,4469.6,4470.5,730.0
2026-01-08T16:35:00+00:00,MGC,4470.6,4471.7,4467.6,4468.1,519.0
2026-01-08T16:36:00+00:00,MGC,4468.1,4469.7,4467.6,4469.7,355.0
2026-01-08T16:37:00+00:00,MGC,4469.5,4472.0,4469.0,4470.9,697.0
2026-01-08T16:38:00+00:00,MGC,4470.8,4473.3,4469.8,4472.9,675.0
2026-01-08T16:39:00+00:00,MGC,4473.1,4474.0,4471.6,4472.7,622.0
2026-01-08T16:40:00+00:00,MGC,4472.5,4472.7,4470.5,4470.9,384.0
2026-01-08T16:41:00+00:00,MGC,4471.0,4474.3,4471.0,4474.0,562.0
2026-01-08T16:42:00+00:00,MGC,4474.0,4474.5,4471.2,4471.5,429.0
2026-01-08T16:43:00+00:00,MGC,4471.4,4471.9,4469.8,4470.3,420.0
2026-01-08T16:44:00+00:00,MGC,4470.4,4471.4,4469.3,4470.3,296.0
2026-01-08T16:45:00+00:00,MGC,4470.4,4470.5,4468.0,4469.2,391.0
2026-01-08T16:46:00+00:00,MGC,4469.2,4469.3,4468.1,4468.6,215.0
2026-01-08T16:47:00+00:00,MGC,4468.5,4469.4,4467.9,4469.4,240.0
2026-01-08T16:48:00+00:00,MGC,4469.1,4469.4,4467.2,4467.8,430.0
2026-01-08T16:49:00+00:00,MGC,4467.8,4469.3,4467.6,4467.6,388.0
2026-01-08T16:50:00+00:00,MGC,4467.7,4470.2,4467.7,4469.6,315.0
2026-01-08T16:51:00+00:00,MGC,4469.5,4470.0,4468.8,4469.0,231.0
2026-01-08T16:52:00+00:00,MGC,4469.2,4470.4,4468.8,4469.0,231.0
2026-01-08T16:53:00+00:00,MGC,4469.2,4470.0,4468.4,4469.7,173.0
2026-01-08T16:54:00+00:00,MGC,4469.6,4470.8,4469.2,4470.6,178.0
2026-01-08T16:55:00+00:00,MGC,4470.9,4471.3,4469.7,4471.1,236.0
2026-01-08T16:56:00+00:00,MGC,4470.8,4472.0,4470.2,4471.4,236.0
2026-01-08T16:57:00+00:00,MGC,4471.6,4473.0,4470.1,4472.8,313.0
2026-01-08T16:58:00+00:00,MGC,4472.8,4473.6,4471.8,4472.9,315.0
2026-01-08T16:59:00+00:00,MGC,4473.0,4473.2,4472.1,4472.5,138.0
2026-01-08T17:00:00+00:00,MGC,4472.6,4474.0,4469.6,4471.2,716.0
2026-01-08T17:01:00+00:00,MGC,4471.3,4474.1,4470.5,4473.8,355.0
2026-01-08T17:02:00+00:00,MGC,4473.9,4475.5,4472.9,4473.3,734.0
2026-01-08T17:03:00+00:00,MGC,4473.3,4473.5,4471.8,4472.1,260.0
2026-01-08T17:04:00+00:00,MGC,4471.9,4472.4,4470.4,4471.2,265.0
2026-01-08T17:05:00+00:00,MGC,4471.1,4471.1,4468.8,4470.2,388.0
2026-01-08T17:06:00+00:00,MGC,4470.2,4470.5,4469.3,4469.4,201.0
2026-01-08T17:07:00+00:00,MGC,4469.3,4470.9,4469.0,4470.9,205.0
2026-01-08T17:08:00+00:00,MGC,4470.7,4471.2,4469.9,4470.0,249.0
2026-01-08T17:09:00+00:00,MGC,4469.9,4470.1,4467.2,4468.0,423.0
2026-01-08T17:10:00+00:00,MGC,4468.2,4469.0,4467.7,4468.1,309.0
2026-01-08T17:11:00+00:00,MGC,4468.1,4470.7,4468.1,4470.7,263.0
2026-01-08T17:12:00+00:00,MGC,4470.3,4471.2,4468.8,4469.2,276.0
2026-01-08T17:13:00+00:00,MGC,4469.0,4470.5,4468.9,4469.7,128.0
2026-01-08T17:14:00+00:00,MGC,4469.7,4470.1,4468.6,4469.3,155.0
2026-01-08T17:15:00+00:00,MGC,4469.0,4469.3,4468.0,4468.2,164.0
2026-01-08T17:16:00+00:00,MGC,4468.1,4469.2,4468.0,4468.4,140.0
2026-01-08T17:17:00+00:00,MGC,4468.1,4469.0,4466.7,4467.5,499.0
2026-01-08T17:18:00+00:00,MGC,4467.5,4469.3,4466.9,4469.3,225.0
2026-01-08T17:19:00+00:00,MGC,4468.8,4470.8,4468.5,4470.5,329.0
2026-01-08T17:20:00+00:00,MGC,4470.4,4470.4,4468.0,4468.8,247.0
2026-01-08T17:21:00+00:00,MGC,4468.8,4469.0,4468.0,4468.8,123.0
2026-01-08T17:22:00+00:00,MGC,4468.7,4470.4,4468.7,4470.3,189.0
2026-01-08T17:23:00+00:00,MGC,4469.8,4470.9,4468.7,4468.9,219.0
2026-01-08T17:24:00+00:00,MGC,4469.2,4470.8,4469.1,4470.6,195.0
2026-01-08T17:25:00+00:00,MGC,4470.4,4470.9,4468.5,4468.8,255.0
2026-01-08T17:26:00+00:00,MGC,4468.9,4470.5,4468.5,4470.2,205.0
2026-01-08T17:27:00+00:00,MGC,4470.1,4472.0,4469.8,4471.0,235.0
2026-01-08T17:28:00+00:00,MGC,4471.1,4471.6,4470.5,4470.7,85.0
2026-01-08T17:29:00+00:00,MGC,4470.8,4471.4,4470.5,4471.0,100.0
2026-01-08T17:30:00+00:00,MGC,4471.2,4472.5,4471.2,4472.1,325.0
2026-01-08T17:31:00+00:00,MGC,4472.1,4473.0,4471.9,4472.7,234.0
2026-01-08T17:32:00+00:00,MGC,4472.7,4473.0,4471.0,4471.5,265.0
2026-01-08T17:33:00+00:00,MGC,4471.6,4472.2,4471.3,4471.9,142.0
2026-01-08T17:34:00+00:00,MGC,4471.8,4471.9,4469.1,4469.6,347.0
2026-01-08T17:35:00+00:00,MGC,4469.4,4470.0,4468.9,4469.5,190.0
2026-01-08T17:36:00+00:00,MGC,4469.4,4469.7,4468.8,4469.5,179.0
2026-01-08T17:37:00+00:00,MGC,4469.4,4470.1,4469.0,4469.4,101.0
2026-01-08T17:38:00+00:00,MGC,4469.3,4469.7,4468.4,4469.6,162.0
2026-01-08T17:39:00+00:00,MGC,4469.6,4471.4,4469.4,4471.2,184.0
2026-01-08T17:40:00+00:00,MGC,4471.3,4472.0,4470.7,4471.7,187.0
2026-01-08T17:41:00+00:00,MGC,4471.4,4472.2,4471.2,4471.5,110.0
2026-01-08T17:42:00+00:00,MGC,4471.5,4471.9,4470.8,4471.7,102.0
2026-01-08T17:43:00+00:00,MGC,4471.6,4472.1,4470.6,4470.8,94.0
2026-01-08T17:44:00+00:00,MGC,4470.6,4471.4,4470.6,4470.9,89.0
2026-01-08T17:45:00+00:00,MGC,4470.8,4471.7,4470.5,4470.6,134.0
2026-01-08T17:46:00+00:00,MGC,4470.6,4470.9,4469.6,4470.7,148.0
2026-01-08T17:47:00+00:00,MGC,4470.5,4470.8,4469.2,4469.5,142.0
2026-01-08T17:48:00+00:00,MGC,4469.7,4470.1,4469.2,4469.4,125.0
2026-01-08T17:49:00+00:00,MGC,4469.5,4469.6,4468.6,4469.4,116.0
2026-01-08T17:50:00+00:00,MGC,4469.4,4471.1,4469.3,4471.0,186.0
2026-01-08T17:51:00+00:00,MGC,4471.0,4471.3,4469.9,4471.3,137.0
2026-01-08T17:52:00+00:00,MGC,4471.2,4473.2,4471.1,4472.5,317.0
2026-01-08T17:53:00+00:00,MGC,4472.6,4473.1,4471.9,4473.1,159.0
2026-01-08T17:54:00+00:00,MGC,4472.9,4473.3,4471.8,4472.1,138.0
2026-01-08T17:55:00+00:00,MGC,4472.1,4472.5,4471.3,4471.4,162.0
2026-01-08T17:56:00+00:00,MGC,4471.5,4472.1,4471.1,4472.1,94.0
2026-01-08T17:57:00+00:00,MGC,4472.1,4473.0,4472.1,4472.4,132.0
2026-01-08T17:58:00+00:00,MGC,4473.0,4473.1,4471.4,4471.8,185.0
2026-01-08T17:59:00+00:00,MGC,4471.9,4473.6,4471.5,4472.9,213.0
2026-01-08T18:00:00+00:00,MGC,4472.8,4472.8,4471.4,4471.7,210.0
2026-01-08T18:01:00+00:00,MGC,4471.6,4471.9,4470.3,4471.1,204.0
2026-01-08T18:02:00+00:00,MGC,4471.0,4471.4,4468.9,4469.1,295.0
2026-01-08T18:03:00+00:00,MGC,4469.0,4469.7,4467.0,4467.2,475.0
2026-01-08T18:04:00+00:00,MGC,4467.0,4468.2,4466.6,4466.9,367.0
2026-01-08T18:05:00+00:00,MGC,4466.9,4467.2,4465.6,4466.1,485.0
2026-01-08T18:06:00+00:00,MGC,4466.1,4467.6,4465.5,4465.5,269.0
2026-01-08T18:07:00+00:00,MGC,4465.5,4466.3,4464.8,4465.5,399.0
2026-01-08T18:08:00+00:00,MGC,4465.2,4465.2,4464.2,4464.3,279.0
2026-01-08T18:09:00+00:00,MGC,4464.1,4465.5,4463.6,4464.8,359.0
2026-01-08T18:10:00+00:00,MGC,4464.8,4464.9,4462.2,4462.5,561.0
2026-01-08T18:11:00+00:00,MGC,4462.7,4464.2,4461.7,4463.3,467.0
2026-01-08T18:12:00+00:00,MGC,4463.3,4463.8,4461.5,4462.9,399.0
2026-01-08T18:13:00+00:00,MGC,4463.1,4463.3,4461.4,4462.7,277.0
2026-01-08T18:14:00+00:00,MGC,4462.5,4464.7,4462.2,4463.2,396.0
2026-01-08T18:15:00+00:00,MGC,4463.0,4465.6,4462.9,4465.3,369.0
2026-01-08T18:16:00+00:00,MGC,4465.2,4466.0,4463.6,4463.8,404.0
2026-01-08T18:17:00+00:00,MGC,4463.8,4465.1,4463.1,4463.5,190.0
2026-01-08T18:18:00+00:00,MGC,4463.4,4464.4,4462.7,4462.7,279.0
2026-01-08T18:19:00+00:00,MGC,4462.9,4463.8,4462.2,4462.2,205.0
2026-01-08T18:20:00+00:00,MGC,4462.2,4463.0,4460.4,4461.5,468.0
2026-01-08T18:21:00+00:00,MGC,4461.3,4463.4,4460.4,4463.1,413.0
2026-01-08T18:22:00+00:00,MGC,4463.2,4463.2,4461.6,4461.7,249.0
2026-01-08T18:23:00+00:00,MGC,4461.6,4463.1,4461.0,4462.4,310.0
2026-01-08T18:24:00+00:00,MGC,4462.3,4464.3,4461.1,4463.7,705.0
2026-01-08T18:25:00+00:00,MGC,4463.6,4465.6,4463.6,4463.9,505.0
2026-01-08T18:26:00+00:00,MGC,4463.8,4463.9,4462.0,4462.5,275.0
2026-01-08T18:27:00+00:00,MGC,4462.4,4463.6,4460.3,4461.0,433.0
2026-01-08T18:28:00+00:00,MGC,4460.9,4461.4,4458.4,4459.2,792.0
2026-01-08T18:29:00+00:00,MGC,4459.2,4462.0,4458.9,4461.6,860.0
2026-01-08T18:30:00+00:00,MGC,4461.2,4462.5,4460.6,4461.1,370.0
2026-01-08T18:31:00+00:00,MGC,4461.1,4462.8,4460.9,4462.4,210.0
2026-01-08T18:32:00+00:00,MGC,4462.2,4462.8,4460.7,4461.3,257.0
2026-01-08T18:33:00+00:00,MGC,4461.3,4462.9,4461.2,4462.7,132.0
2026-01-08T18:34:00+00:00,MGC,4462.6,4463.0,4461.2,4461.2,135.0
2026-01-08T18:35:00+00:00,MGC,4461.1,4461.1,4458.6,4459.2,248.0
2026-01-08T18:36:00+00:00,MGC,4459.0,4459.1,4457.0,4457.6,480.0
2026-01-08T18:37:00+00:00,MGC,4457.7,4458.7,4457.7,4458.6,205.0
2026-01-08T18:38:00+00:00,MGC,4458.5,4459.1,4457.1,4458.9,185.0
2026-01-08T18:39:00+00:00,MGC,4458.9,4459.0,4457.8,4458.3,185.0
2026-01-08T18:40:00+00:00,MGC,4458.5,4459.9,4458.0,4459.4,281.0
2026-01-08T18:41:00+00:00,MGC,4459.4,4459.4,4458.5,4458.7,118.0
2026-01-08T18:42:00+00:00,MGC,4458.8,4460.9,4458.6,4460.8,267.0
2026-01-08T18:43:00+00:00,MGC,4460.9,4461.1,4460.3,4460.4,175.0
2026-01-08T18:44:00+00:00,MGC,4460.6,4461.6,4460.4,4461.6,109.0
2026-01-08T18:45:00+00:00,MGC,4461.6,4462.3,4461.1,4461.7,214.0
2026-01-08T18:46:00+00:00,MGC,4461.6,4462.7,4461.2,4461.5,213.0
2026-01-08T18:47:00+00:00,MGC,4461.6,4463.4,4461.1,4463.4,208.0
2026-01-08T18:48:00+00:00,MGC,4463.3,4464.4,4463.2,4463.8,383.0
2026-01-08T18:49:00+00:00,MGC,4463.8,4463.8,4462.4,4462.9,186.0
2026-01-08T18:50:00+00:00,MGC,4462.7,4463.1,4462.5,4462.8,88.0
2026-01-08T18:51:00+00:00,MGC,4462.8,4462.9,4461.7,4462.7,205.0
2026-01-08T18:52:00+00:00,MGC,4462.8,4462.8,4462.0,4462.3,60.0
2026-01-08T18:53:00+00:00,MGC,4462.1,4462.3,4461.6,4462.2,108.0
2026-01-08T18:54:00+00:00,MGC,4462.0,4462.1,4460.6,4460.9,191.0
2026-01-08T18:55:00+00:00,MGC,4460.8,4461.6,4460.8,4461.2,99.0
2026-01-08T18:56:00+00:00,MGC,4461.2,4461.7,4459.8,4459.9,198.0
2026-01-08T18:57:00+00:00,MGC,4459.9,4460.8,4459.3,4460.2,331.0
2026-01-08T18:58:00+00:00,MGC,4460.1,4460.4,4459.5,4459.5,83.0
2026-01-08T18:59:00+00:00,MGC,4459.5,4459.5,4458.7,4459.0,138.0
2026-01-08T19:00:00+00:00,MGC,4458.8,4459.8,4457.8,4458.0,172.0
2026-01-08T19:01:00+00:00,MGC,4457.9,4460.3,4457.8,4460.2,242.0
2026-01-08T19:02:00+00:00,MGC,4460.0,4460.1,4459.4,4460.0,94.0
2026-01-08T19:03:00+00:00,MGC,4459.8,4460.5,4459.0,4460.2,162.0
2026-01-08T19:04:00+00:00,MGC,4460.3,4460.3,4458.3,4458.8,179.0
2026-01-08T19:05:00+00:00,MGC,4458.5,4459.7,4458.2,4459.3,81.0
2026-01-08T19:06:00+00:00,MGC,4459.2,4459.5,4457.6,4457.8,128.0
2026-01-08T19:07:00+00:00,MGC,4457.8,4457.8,4456.9,4457.6,312.0
2026-01-08T19:08:00+00:00,MGC,4457.5,4457.7,4457.1,4457.3,132.0
2026-01-08T19:09:00+00:00,MGC,4457.1,4457.1,4455.5,4456.0,394.0
2026-01-08T19:10:00+00:00,MGC,4456.2,4457.8,4455.9,4457.7,188.0
2026-01-08T19:11:00+00:00,MGC,4457.7,4457.8,4456.6,4457.0,132.0
2026-01-08T19:12:00+00:00,MGC,4457.0,4458.3,4457.0,4458.2,116.0
2026-01-08T19:13:00+00:00,MGC,4458.1,4458.1,4456.8,4456.8,111.0
2026-01-08T19:14:00+00:00,MGC,4456.8,4457.2,4456.2,4456.5,71.0
2026-01-08T19:15:00+00:00,MGC,4456.4,4456.4,4454.2,4454.7,474.0
2026-01-08T19:16:00+00:00,MGC,4454.6,4455.1,4454.0,4454.5,243.0
2026-01-08T19:17:00+00:00,MGC,4454.5,4455.1,4453.7,4454.8,185.0
2026-01-08T19:18:00+00:00,MGC,4454.9,4456.6,4454.9,4456.6,215.0
2026-01-08T19:19:00+00:00,MGC,4456.7,4457.9,4456.4,4457.8,224.0
2026-01-08T19:20:00+00:00,MGC,4457.8,4458.5,4457.5,4457.7,182.0
2026-01-08T19:21:00+00:00,MGC,4458.0,4458.4,4456.9,4457.1,140.0
2026-01-08T19:22:00+00:00,MGC,4457.1,4457.9,4457.1,4457.7,73.0
2026-01-08T19:23:00+00:00,MGC,4457.7,4458.6,4456.9,4457.5,118.0
2026-01-08T19:24:00+00:00,MGC,4457.5,4458.7,4457.1,4458.3,142.0
2026-01-08T19:25:00+00:00,MGC,4458.2,4459.0,4457.5,4457.8,183.0
2026-01-08T19:26:00+00:00,MGC,4457.7,4458.9,4457.5,4457.7,209.0
2026-01-08T19:27:00+00:00,MGC,4457.7,4457.7,4456.2,4456.5,213.0
2026-01-08T19:28:00+00:00,MGC,4456.5,4456.7,4456.0,4456.1,86.0
2026-01-08T19:29:00+00:00,MGC,4456.1,4457.5,4456.0,4456.8,156.0
2026-01-08T19:30:00+00:00,MGC,4456.8,4457.9,4456.7,4457.6,105.0
2026-01-08T19:31:00+00:00,MGC,4457.8,4458.1,4457.3,4458.1,85.0
2026-01-08T19:32:00+00:00,MGC,4458.1,4458.3,4457.4,4457.6,91.0
2026-01-08T19:33:00+00:00,MGC,4457.6,4459.5,4457.6,4459.1,219.0
2026-01-08T19:34:00+00:00,MGC,4459.0,4460.1,4458.8,4459.9,219.0
2026-01-08T19:35:00+00:00,MGC,4459.8,4461.8,4459.8,4461.2,354.0
2026-01-08T19:36:00+00:00,MGC,4461.4,4461.9,4460.9,4461.3,197.0
2026-01-08T19:37:00+00:00,MGC,4461.3,4461.9,4460.0,4460.0,187.0
2026-01-08T19:38:00+00:00,MGC,4460.0,4460.6,4459.6,4460.1,138.0
2026-01-08T19:39:00+00:00,MGC,4460.1,4460.3,4459.2,4460.1,210.0
2026-01-08T19:40:00+00:00,MGC,4460.1,4460.2,4459.0,4459.5,88.0
2026-01-08T19:41:00+00:00,MGC,4459.4,4460.9,4458.8,4459.8,247.0
2026-01-08T19:42:00+00:00,MGC,4459.9,4459.9,4458.3,4459.1,155.0
2026-01-08T19:43:00+00:00,MGC,4459.5,4460.7,4459.4,4460.4,99.0
2026-01-08T19:44:00+00:00,MGC,4460.5,4460.8,4459.5,4460.5,157.0
2026-01-08T19:45:00+00:00,MGC,4460.5,4460.9,4460.3,4460.5,78.0
2026-01-08T19:46:00+00:00,MGC,4460.4,4461.2,4460.2,4461.0,129.0
2026-01-08T19:47:00+00:00,MGC,4461.3,4461.8,4460.6,4460.7,195.0
2026-01-08T19:48:00+00:00,MGC,4460.7,4460.9,4460.2,4460.7,79.0
2026-01-08T19:49:00+00:00,MGC,4460.7,4461.1,4459.9,4460.3,120.0
2026-01-08T19:50:00+00:00,MGC,4460.2,4460.4,4458.5,4458.7,234.0
2026-01-08T19:51:00+00:00,MGC,4458.6,4459.4,4458.4,4459.4,124.0
2026-01-08T19:52:00+00:00,MGC,4459.4,4460.7,4459.3,4460.5,124.0
2026-01-08T19:53:00+00:00,MGC,4460.4,4461.0,4460.0,4460.3,87.0
2026-01-08T19:54:00+00:00,MGC,4460.3,4460.8,4459.8,4460.6,64.0
2026-01-08T19:55:00+00:00,MGC,4460.4,4460.5,4459.7,4459.7,83.0
2026-01-08T19:56:00+00:00,MGC,4459.8,4459.8,4458.9,4459.2,96.0
2026-01-08T19:57:00+00:00,MGC,4459.2,4459.3,4458.8,4459.1,83.0
2026-01-08T19:58:00+00:00,MGC,4458.7,4459.9,4458.5,4459.4,93.0
2026-01-08T19:59:00+00:00,MGC,4459.6,4461.3,4459.6,4461.0,140.0
2026-01-08T20:00:00+00:00,MGC,4460.8,4462.7,4460.2,4462.5,263.0
2026-01-08T20:01:00+00:00,MGC,4462.6,4464.9,4462.5,4464.1,537.0
2026-01-08T20:02:00+00:00,MGC,4464.0,4465.2,4463.7,4465.2,254.0
2026-01-08T20:03:00+00:00,MGC,4465.0,4466.5,4465.0,4466.0,364.0
2026-01-08T20:04:00+00:00,MGC,4466.0,4467.2,4465.6,4467.0,240.0
2026-01-08T20:05:00+00:00,MGC,4467.0,4467.2,4466.4,4467.0,206.0
2026-01-08T20:06:00+00:00,MGC,4467.0,4467.0,4465.0,4465.3,343.0
2026-01-08T20:07:00+00:00,MGC,4465.1,4466.2,4464.4,4465.8,151.0
2026-01-08T20:08:00+00:00,MGC,4466.0,4467.3,4465.9,4466.8,136.0
2026-01-08T20:09:00+00:00,MGC,4466.7,4467.1,4465.0,4465.7,314.0
2026-01-08T20:10:00+00:00,MGC,4465.8,4467.1,4465.8,4466.5,145.0
2026-01-08T20:11:00+00:00,MGC,4466.7,4467.0,4466.1,4466.7,87.0
2026-01-08T20:12:00+00:00,MGC,4466.8,4467.5,4466.6,4466.7,86.0
2026-01-08T20:13:00+00:00,MGC,4466.5,4467.8,4466.3,4467.7,268.0
2026-01-08T20:14:00+00:00,MGC,4467.7,4467.8,4466.8,4467.0,104.0
2026-01-08T20:15:00+00:00,MGC,4467.0,4467.3,4466.4,4467.0,127.0
2026-01-08T20:16:00+00:00,MGC,4466.9,4467.1,4465.9,4466.5,117.0
2026-01-08T20:17:00+00:00,MGC,4466.6,4467.6,4466.1,4467.6,112.0
2026-01-08T20:18:00+00:00,MGC,4467.5,4468.5,4467.4,4468.1,296.0
2026-01-08T20:19:00+00:00,MGC,4468.3,4468.9,4467.7,4468.2,230.0
2026-01-08T20:20:00+00:00,MGC,4468.1,4468.3,4467.4,4468.1,118.0
2026-01-08T20:21:00+00:00,MGC,4467.9,4471.4,4467.8,4471.3,521.0
2026-01-08T20:22:00+00:00,MGC,4471.2,4472.5,4471.0,4472.5,404.0
2026-01-08T20:23:00+00:00,MGC,4472.4,4473.8,4472.4,4473.4,464.0
2026-01-08T20:24:00+00:00,MGC,4473.6,4473.9,4472.1,4473.5,301.0
2026-01-08T20:25:00+00:00,MGC,4473.5,4476.6,4473.2,4476.4,956.0
2026-01-08T20:26:00+00:00,MGC,4476.5,4477.6,4476.2,4477.5,550.0
2026-01-08T20:27:00+00:00,MGC,4477.6,4482.2,4477.5,4480.9,1301.0
2026-01-08T20:28:00+00:00,MGC,4480.9,4482.5,4479.0,4480.0,1036.0
2026-01-08T20:29:00+00:00,MGC,4480.2,4480.7,4478.7,4479.0,613.0
2026-01-08T20:30:00+00:00,MGC,4479.3,4484.4,4479.3,4484.1,1087.0
2026-01-08T20:31:00+00:00,MGC,4484.1,4485.5,4482.9,4484.4,748.0
2026-01-08T20:32:00+00:00,MGC,4484.4,4485.1,4484.1,4484.3,400.0
2026-01-08T20:33:00+00:00,MGC,4484.4,4486.7,4483.2,4486.3,661.0
2026-01-08T20:34:00+00:00,MGC,4486.4,4487.0,4484.5,4485.6,655.0
2026-01-08T20:35:00+00:00,MGC,4485.7,4487.6,4485.4,4486.2,526.0
2026-01-08T20:36:00+00:00,MGC,4486.3,4487.7,4485.2,4487.0,499.0
2026-01-08T20:37:00+00:00,MGC,4487.1,4487.6,4485.5,4486.2,461.0
2026-01-08T20:38:00+00:00,MGC,4486.5,4487.6,4484.5,4484.6,573.0
2026-01-08T20:39:00+00:00,MGC,4484.6,4484.8,4482.5,4483.2,635.0
2026-01-08T20:40:00+00:00,MGC,4483.3,4485.0,4481.8,4482.2,558.0
2026-01-08T20:41:00+00:00,MGC,4482.4,4483.4,4482.0,4482.8,319.0
2026-01-08T20:42:00+00:00,MGC,4482.9,4483.8,4482.3,4482.6,174.0
2026-01-08T20:43:00+00:00,MGC,4482.6,4483.5,4481.8,4482.7,221.0
2026-01-08T20:44:00+00:00,MGC,4482.8,4483.0,4481.4,4482.8,215.0
2026-01-08T20:45:00+00:00,MGC,4483.0,4484.4,4482.5,4482.7,322.0
2026-01-08T20:46:00+00:00,MGC,4482.5,4483.9,4481.0,4483.8,368.0
2026-01-08T20:47:00+00:00,MGC,4483.6,4483.6,4482.1,4483.2,159.0
2026-01-08T20:48:00+00:00,MGC,4483.6,4483.9,4481.8,4483.7,191.0
2026-01-08T20:49:00+00:00,MGC,4483.8,4486.6,4483.5,4486.5,426.0
2026-01-08T20:50:00+00:00,MGC,4486.3,4486.4,4484.3,4485.7,303.0
2026-01-08T20:51:00+00:00,MGC,4485.8,4487.4,4484.8,4485.4,392.0
2026-01-08T20:52:00+00:00,MGC,4485.9,4486.0,4484.3,4484.5,239.0
2026-01-08T20:53:00+00:00,MGC,4484.4,4485.7,4483.8,4485.1,293.0
2026-01-08T20:54:00+00:00,MGC,4484.8,4485.3,4483.5,4483.5,222.0
2026-01-08T20:55:00+00:00,MGC,4483.3,4485.4,4482.9,4485.3,298.0
2026-01-08T20:56:00+00:00,MGC,4485.4,4486.0,4484.8,4485.2,212.0
2026-01-08T20:57:00+00:00,MGC,4485.2,4486.1,4484.4,4485.4,154.0
2026-01-08T20:58:00+00:00,MGC,4485.4,4486.5,4484.8,4486.3,246.0
2026-01-08T20:59:00+00:00,MGC,4486.5,4486.7,4484.8,4485.1,364.0
2026-01-08T21:00:00+00:00,MGC,4485.2,4488.6,4485.0,4486.9,672.0
2026-01-08T21:01:00+00:00,MGC,4486.8,4487.8,4486.2,4486.9,196.0
2026-01-08T21:02:00+00:00,MGC,4486.9,4488.2,4486.8,4488.2,112.0
2026-01-08T21:03:00+00:00,MGC,4488.1,4488.6,4486.4,4488.0,273.0
2026-01-08T21:04:00+00:00,MGC,4488.1,4488.3,4487.1,4487.6,187.0
2026-01-08T21:05:00+00:00,MGC,4487.6,4488.1,4486.5,4486.7,168.0
2026-01-08T21:06:00+00:00,MGC,4486.7,4487.3,4486.7,4487.0,90.0
2026-01-08T21:07:00+00:00,MGC,4487.0,4487.8,4486.6,4487.8,161.0
2026-01-08T21:08:00+00:00,MGC,4487.7,4488.3,4486.3,4487.0,191.0
2026-01-08T21:09:00+00:00,MGC,4487.2,4488.6,4487.0,4488.6,119.0
2026-01-08T21:10:00+00:00,MGC,4488.5,4489.1,4487.4,4487.9,184.0
2026-01-08T21:11:00+00:00,MGC,4488.0,4488.5,4486.6,4487.0,172.0
2026-01-09T04:03:00+00:00,MGC,4472.3,4472.6,4471.6,4472.6,171.0
2026-01-09T04:04:00+00:00,MGC,4472.3,4472.8,4471.9,4472.6,82.0
2026-01-09T04:05:00+00:00,MGC,4472.6,4473.3,4472.6,4472.8,82.0
2026-01-09T04:06:00+00:00,MGC,4472.7,4473.4,4472.6,4473.4,70.0
2026-01-09T04:07:00+00:00,MGC,4473.4,4473.8,4472.9,4473.6,101.0
2026-01-09T04:08:00+00:00,MGC,4473.6,4474.5,4473.6,4474.5,172.0
2026-01-09T04:09:00+00:00,MGC,4474.4,4474.5,4473.0,4474.3,90.0
2026-01-09T04:10:00+00:00,MGC,4474.2,4474.5,4473.8,4473.8,84.0
2026-01-09T04:11:00+00:00,MGC,4473.7,4474.1,4473.4,4473.4,49.0
2026-01-09T04:12:00+00:00,MGC,4473.5,4473.7,4472.4,4472.7,93.0
2026-01-09T04:13:00+00:00,MGC,4472.7,4473.0,4472.6,4472.8,28.0
2026-01-09T04:14:00+00:00,MGC,4472.9,4473.0,4471.1,4471.4,228.0
2026-01-09T04:15:00+00:00,MGC,4471.3,4471.7,4470.6,4470.7,174.0
2026-01-09T04:16:00+00:00,MGC,4470.7,4472.5,4470.6,4471.7,127.0
2026-01-09T04:17:00+00:00,MGC,4471.7,4471.7,4470.0,4470.5,139.0
2026-01-09T04:18:00+00:00,MGC,4470.5,4470.6,4469.5,4470.5,134.0
2026-01-09T04:19:00+00:00,MGC,4470.5,4470.7,4469.8,4470.0,74.0
2026-01-09T04:20:00+00:00,MGC,4469.8,4470.8,4469.6,4470.5,110.0
2026-01-09T04:21:00+00:00,MGC,4470.7,4471.9,4470.5,4471.6,171.0
2026-01-09T04:22:00+00:00,MGC,4471.7,4473.0,4471.3,4472.6,175.0
2026-01-09T04:23:00+00:00,MGC,4472.7,4472.8,4472.0,4472.4,87.0
2026-01-09T04:24:00+00:00,MGC,4472.5,4472.7,4472.1,4472.7,43.0
2026-01-09T04:25:00+00:00,MGC,4472.7,4472.8,4472.0,4472.3,97.0
2026-01-09T04:26:00+00:00,MGC,4472.3,4472.5,4472.0,4472.0,43.0
2026-01-09T04:27:00+00:00,MGC,4471.9,4472.2,4471.5,4472.1,99.0
2026-01-09T04:28:00+00:00,MGC,4472.0,4472.5,4472.0,4472.3,53.0
2026-01-09T04:29:00+00:00,MGC,4472.5,4472.5,4471.5,4471.6,133.0
2026-01-09T04:30:00+00:00,MGC,4471.5,4471.6,4470.6,4470.6,149.0
2026-01-09T04:31:00+00:00,MGC,4470.6,4472.9,4470.6,4472.3,175.0
2026-01-09T04:32:00+00:00,MGC,4472.3,4472.5,4472.1,4472.1,42.0
2026-01-09T04:33:00+00:00,MGC,4472.2,4472.5,4471.0,4471.1,71.0
2026-01-09T04:34:00+00:00,MGC,4470.9,4472.3,4470.9,4472.1,76.0
2026-01-09T04:35:00+00:00,MGC,4472.2,4473.3,4471.7,4472.1,231.0
2026-01-09T04:36:00+00:00,MGC,4472.1,4472.7,4471.3,4471.4,147.0
2026-01-09T04:37:00+00:00,MGC,4471.4,4471.8,4470.0,4470.8,160.0
2026-01-09T04:38:00+00:00,MGC,4470.9,4471.5,4470.6,4470.8,90.0
2026-01-09T04:39:00+00:00,MGC,4471.0,4471.0,4470.4,4470.6,69.0
2026-01-09T04:40:00+00:00,MGC,4470.5,4472.0,4470.5,4471.9,107.0
2026-01-09T04:41:00+00:00,MGC,4471.7,4472.8,4471.3,4472.6,144.0
2026-01-09T04:42:00+00:00,MGC,4472.8,4473.7,4472.3,4472.7,158.0
2026-01-09T04:43:00+00:00,MGC,4472.8,4472.9,4471.9,4472.4,100.0
2026-01-09T04:44:00+00:00,MGC,4472.3,4472.3,4471.6,4472.0,50.0
2026-01-09T04:45:00+00:00,MGC,4472.1,4472.2,4471.2,4471.3,75.0
2026-01-09T04:46:00+00:00,MGC,4471.2,4471.7,4471.1,4471.4,46.0
2026-01-09T04:47:00+00:00,MGC,4471.4,4471.9,4471.3,4471.8,44.0
2026-01-09T04:48:00+00:00,MGC,4471.8,4471.8,4471.0,4471.3,105.0
2026-01-09T04:49:00+00:00,MGC,4471.4,4472.0,4471.2,4472.0,107.0
2026-01-09T04:50:00+00:00,MGC,4471.8,4472.1,4471.3,4471.8,115.0
2026-01-09T04:51:00+00:00,MGC,4471.8,4472.0,4470.7,4471.2,186.0
2026-01-09T04:52:00+00:00,MGC,4471.1,4471.4,4470.9,4471.2,42.0
2026-01-09T04:53:00+00:00,MGC,4471.0,4473.3,4471.0,4473.1,136.0
2026-01-09T04:54:00+00:00,MGC,4472.9,4473.9,4472.8,4473.3,188.0
2026-01-09T04:55:00+00:00,MGC,4473.2,4473.8,4473.0,4473.4,60.0
2026-01-09T04:56:00+00:00,MGC,4473.4,4474.9,4473.4,4474.8,227.0
2026-01-09T04:57:00+00:00,MGC,4474.9,4475.8,4474.9,4475.3,283.0
2026-01-09T04:58:00+00:00,MGC,4475.2,4475.2,4474.4,4474.5,130.0
2026-01-09T04:59:00+00:00,MGC,4474.4,4474.7,4473.3,4473.4,154.0
2026-01-09T05:00:00+00:00,MGC,4473.4,4473.8,4472.7,4473.8,197.0
2026-01-09T05:01:00+00:00,MGC,4473.9,4474.8,4473.7,4474.7,214.0
2026-01-09T05:02:00+00:00,MGC,4474.6,4475.7,4474.6,4474.9,184.0
2026-01-09T05:03:00+00:00,MGC,4475.0,4475.0,4473.1,4473.2,162.0
2026-01-09T05:04:00+00:00,MGC,4473.1,4474.1,4473.1,4474.0,64.0
2026-01-09T05:05:00+00:00,MGC,4474.1,4474.6,4473.4,4474.5,76.0
2026-01-09T05:06:00+00:00,MGC,4474.6,4474.6,4473.1,4473.2,92.0
2026-01-09T05:07:00+00:00,MGC,4473.2,4473.4,4472.7,4472.8,78.0
2026-01-09T05:08:00+00:00,MGC,4473.0,4473.2,4471.7,4472.0,180.0
2026-01-09T05:09:00+00:00,MGC,4471.9,4472.7,4471.8,4472.3,77.0
2026-01-09T05:10:00+00:00,MGC,4472.0,4472.7,4471.8,4471.9,82.0
2026-01-09T05:11:00+00:00,MGC,4471.8,4471.8,4470.6,4471.0,263.0
2026-01-09T05:12:00+00:00,MGC,4471.1,4471.9,4470.4,4471.5,144.0
2026-01-09T05:13:00+00:00,MGC,4471.4,4472.8,4471.1,4472.3,141.0
2026-01-09T05:14:00+00:00,MGC,4472.3,4472.4,4471.9,4472.0,28.0
2026-01-09T05:15:00+00:00,MGC,4472.0,4472.0,4470.1,4470.6,217.0
2026-01-09T05:16:00+00:00,MGC,4470.3,4470.8,4468.4,4469.7,780.0
2026-01-09T05:17:00+00:00,MGC,4469.7,4470.9,4469.0,4470.9,304.0
2026-01-09T05:18:00+00:00,MGC,4470.8,4472.2,4469.6,4472.1,310.0
2026-01-09T05:19:00+00:00,MGC,4471.7,4472.8,4471.5,4472.7,125.0
2026-01-09T05:20:00+00:00,MGC,4472.6,4472.8,4471.9,4472.2,187.0
2026-01-09T05:21:00+00:00,MGC,4472.5,4472.8,4470.9,4471.0,145.0
2026-01-09T05:22:00+00:00,MGC,4471.2,4471.5,4470.6,4470.7,113.0
2026-01-09T05:23:00+00:00,MGC,4470.6,4471.2,4467.5,4468.7,544.0
2026-01-09T05:24:00+00:00,MGC,4468.5,4468.5,4466.8,4467.5,477.0
2026-01-09T05:25:00+00:00,MGC,4467.5,4470.5,4467.4,4470.3,304.0
2026-01-09T05:26:00+00:00,MGC,4470.3,4471.1,4469.7,4470.9,168.0
2026-01-09T05:27:00+00:00,MGC,4471.0,4472.7,4470.7,4472.5,177.0
2026-01-09T05:28:00+00:00,MGC,4472.3,4473.1,4472.1,4472.9,164.0
2026-01-09T05:29:00+00:00,MGC,4473.0,4473.8,4473.0,4473.6,135.0
2026-01-09T05:30:00+00:00,MGC,4473.6,4477.2,4472.9,4476.6,954.0
2026-01-09T05:31:00+00:00,MGC,4476.8,4478.3,4476.3,4477.3,417.0
2026-01-09T05:32:00+00:00,MGC,4477.5,4478.9,4476.8,4478.5,326.0
2026-01-09T05:33:00+00:00,MGC,4478.5,4478.6,4477.3,4478.0,168.0
2026-01-09T05:34:00+00:00,MGC,4478.1,4479.8,4477.5,4479.5,305.0
2026-01-09T05:35:00+00:00,MGC,4479.8,4480.6,4478.9,4480.0,301.0
2026-01-09T05:36:00+00:00,MGC,4480.0,4480.0,4477.5,4477.7,243.0
2026-01-09T05:37:00+00:00,MGC,4477.8,4478.2,4477.0,4477.7,160.0
2026-01-09T05:38:00+00:00,MGC,4477.7,4479.0,4477.2,4477.9,168.0
2026-01-09T05:39:00+00:00,MGC,4478.1,4479.1,4477.2,4479.1,161.0
2026-01-09T05:40:00+00:00,MGC,4478.9,4479.7,4477.6,4478.1,186.0
2026-01-09T05:41:00+00:00,MGC,4477.8,4478.5,4477.5,4478.2,94.0
2026-01-09T05:42:00+00:00,MGC,4478.4,4478.4,4475.8,4476.9,237.0
2026-01-09T05:43:00+00:00,MGC,4476.7,4477.3,4476.2,4476.6,109.0
2026-01-09T05:44:00+00:00,MGC,4476.7,4477.1,4474.8,4476.0,302.0
2026-01-09T05:45:00+00:00,MGC,4476.0,4477.0,4476.0,4476.7,143.0
2026-01-09T05:46:00+00:00,MGC,4476.9,4477.5,4474.8,4475.2,275.0
2026-01-09T05:47:00+00:00,MGC,4475.1,4475.3,4474.0,4475.0,206.0
2026-01-09T05:48:00+00:00,MGC,4475.3,4475.8,4474.5,4474.8,104.0
2026-01-09T05:49:00+00:00,MGC,4474.9,4475.2,4474.5,4474.6,61.0
2026-01-09T05:50:00+00:00,MGC,4474.9,4475.7,4474.4,4475.4,126.0
2026-01-09T05:51:00+00:00,MGC,4475.4,4477.0,4475.2,4477.0,250.0
2026-01-09T05:52:00+00:00,MGC,4476.8,4477.2,4476.3,4476.7,171.0
2026-01-09T05:53:00+00:00,MGC,4476.6,4477.0,4475.8,4475.9,111.0
2026-01-09T05:54:00+00:00,MGC,4475.9,4477.2,4475.9,4476.6,147.0
2026-01-09T05:55:00+00:00,MGC,4476.3,4477.3,4475.3,4475.9,338.0
2026-01-09T05:56:00+00:00,MGC,4475.8,4476.7,4475.1,4476.5,179.0
2026-01-09T05:57:00+00:00,MGC,4476.8,4477.2,4475.8,4476.1,167.0
2026-01-09T05:58:00+00:00,MGC,4476.3,4477.2,4476.0,4476.3,194.0
2026-01-09T05:59:00+00:00,MGC,4476.5,4478.4,4476.5,4477.0,214.0
2026-01-09T06:00:00+00:00,MGC,4477.2,4478.2,4476.4,4477.4,328.0
2026-01-09T06:01:00+00:00,MGC,4477.3,4479.9,4477.2,4478.9,419.0
2026-01-09T06:02:00+00:00,MGC,4478.7,4478.8,4477.8,4478.4,95.0
2026-01-09T06:03:00+00:00,MGC,4478.6,4479.6,4477.4,4479.5,160.0
2026-01-09T06:04:00+00:00,MGC,4479.5,4479.8,4478.4,4479.0,145.0
2026-01-09T06:05:00+00:00,MGC,4478.8,4479.5,4477.3,4477.5,262.0
2026-01-09T06:06:00+00:00,MGC,4477.4,4477.7,4476.1,4476.2,220.0
2026-01-09T06:07:00+00:00,MGC,4476.0,4476.0,4474.6,4474.8,222.0
2026-01-09T06:08:00+00:00,MGC,4474.8,4476.3,4474.6,4476.1,139.0
2026-01-09T06:09:00+00:00,MGC,4476.3,4476.6,4475.8,4476.2,118.0
2026-01-09T06:10:00+00:00,MGC,4476.2,4477.2,4475.9,4476.3,191.0
2026-01-09T06:11:00+00:00,MGC,4476.4,4476.9,4475.3,4475.5,135.0
2026-01-09T06:12:00+00:00,MGC,4475.2,4476.2,4475.0,4476.1,184.0
2026-01-09T06:13:00+00:00,MGC,4476.2,4476.2,4474.6,4475.3,118.0
2026-01-09T06:14:00+00:00,MGC,4475.4,4475.8,4474.4,4475.8,119.0
2026-01-09T06:15:00+00:00,MGC,4475.9,4476.0,4474.5,4475.5,103.0
2026-01-09T06:16:00+00:00,MGC,4475.7,4477.6,4475.6,4477.5,174.0
2026-01-09T06:17:00+00:00,MGC,4477.3,4478.5,4476.8,4477.6,175.0
2026-01-09T06:18:00+00:00,MGC,4477.5,4477.6,4475.0,4475.5,269.0
2026-01-09T06:19:00+00:00,MGC,4475.8,4476.8,4475.8,4476.4,80.0
2026-01-09T06:20:00+00:00,MGC,4476.9,4477.6,4475.8,4476.2,158.0
2026-01-09T06:21:00+00:00,MGC,4476.3,4476.3,4475.4,4475.4,107.0
2026-01-09T06:22:00+00:00,MGC,4475.5,4476.1,4475.2,4475.3,69.0
2026-01-09T06:23:00+00:00,MGC,4475.5,4475.5,4474.8,4475.4,66.0
2026-01-09T06:24:00+00:00,MGC,4475.4,4476.8,4475.0,4476.7,91.0
2026-01-09T06:25:00+00:00,MGC,4476.5,4479.3,4476.5,4479.2,251.0
2026-01-09T06:26:00+00:00,MGC,4479.2,4480.1,4478.6,4479.8,274.0
2026-01-09T06:27:00+00:00,MGC,4479.8,4481.2,4479.7,4480.3,289.0
2026-01-09T06:28:00+00:00,MGC,4480.3,4481.8,4480.3,4481.4,204.0
2026-01-09T06:29:00+00:00,MGC,4481.4,4482.5,4480.9,4482.5,202.0
2026-01-09T06:30:00+00:00,MGC,4482.3,4483.7,4482.2,4483.1,411.0
2026-01-09T06:31:00+00:00,MGC,4483.2,4483.4,4481.7,4482.7,297.0
2026-01-09T06:32:00+00:00,MGC,4482.9,4483.1,4482.2,4482.8,134.0
2026-01-09T06:33:00+00:00,MGC,4482.7,4483.4,4482.0,4483.2,198.0
2026-01-09T06:34:00+00:00,MGC,4483.1,4484.3,4482.6,4483.4,303.0
2026-01-09T06:35:00+00:00,MGC,4483.6,4483.9,4482.1,4483.4,202.0
2026-01-09T06:36:00+00:00,MGC,4483.4,4484.8,4483.3,4483.8,260.0
2026-01-09T06:37:00+00:00,MGC,4483.5,4483.6,4483.0,4483.3,112.0
2026-01-09T06:38:00+00:00,MGC,4483.3,4483.8,4482.6,4483.1,173.0
2026-01-09T06:39:00+00:00,MGC,4483.1,4484.3,4483.0,4484.1,137.0
2026-01-09T06:40:00+00:00,MGC,4484.0,4484.0,4483.0,4483.4,185.0
2026-01-09T06:41:00+00:00,MGC,4483.4,4484.4,4483.4,4483.8,198.0
2026-01-09T06:42:00+00:00,MGC,4483.8,4484.5,4483.7,4483.8,105.0
2026-01-09T06:43:00+00:00,MGC,4483.8,4483.9,4482.9,4483.8,101.0
2026-01-09T06:44:00+00:00,MGC,4483.8,4484.4,4483.1,4483.9,116.0
2026-01-09T06:45:00+00:00,MGC,4483.9,4484.7,4483.8,4484.3,181.0
2026-01-09T06:46:00+00:00,MGC,4484.4,4485.3,4483.8,4483.9,292.0
2026-01-09T06:47:00+00:00,MGC,4483.9,4484.9,4483.4,4484.5,241.0
2026-01-09T06:48:00+00:00,MGC,4484.7,4486.3,4483.5,4484.2,413.0
2026-01-09T06:49:00+00:00,MGC,4484.1,4485.1,4483.7,4484.0,254.0
2026-01-09T06:50:00+00:00,MGC,4484.1,4484.4,4482.5,4483.9,302.0
2026-01-09T06:51:00+00:00,MGC,4483.9,4483.9,4482.7,4483.5,189.0
2026-01-09T06:52:00+00:00,MGC,4483.9,4485.0,4483.6,4484.7,152.0
2026-01-09T06:53:00+00:00,MGC,4484.8,4484.8,4483.1,4483.4,174.0
2026-01-09T06:54:00+00:00,MGC,4483.2,4484.0,4482.6,4483.1,197.0
2026-01-09T06:55:00+00:00,MGC,4483.0,4483.3,4481.5,4483.1,362.0
2026-01-09T06:56:00+00:00,MGC,4482.9,4483.9,4482.2,4483.7,138.0
2026-01-09T06:57:00+00:00,MGC,4483.9,4484.2,4482.3,4482.7,126.0
2026-01-09T06:58:00+00:00,MGC,4482.7,4483.5,4482.7,4483.0,73.0
2026-01-09T06:59:00+00:00,MGC,4483.3,4483.3,4482.0,4483.0,166.0
2026-01-09T07:00:00+00:00,MGC,4483.0,4483.8,4482.5,4483.0,206.0
2026-01-09T07:01:00+00:00,MGC,4483.0,4483.2,4481.3,4481.7,131.0
2026-01-09T07:02:00+00:00,MGC,4481.6,4483.4,4480.4,4483.4,288.0
2026-01-09T07:03:00+00:00,MGC,4483.5,4484.5,4482.6,4482.7,140.0
2026-01-09T07:04:00+00:00,MGC,4482.8,4483.8,4481.9,4483.8,90.0
2026-01-09T07:05:00+00:00,MGC,4483.5,4484.5,4483.1,4483.2,115.0
2026-01-09T07:06:00+00:00,MGC,4483.1,4484.0,4482.5,4483.7,125.0
2026-01-09T07:07:00+00:00,MGC,4483.5,4484.1,4483.4,4484.1,49.0
2026-01-09T07:08:00+00:00,MGC,4483.9,4483.9,4483.0,4483.7,77.0
2026-01-09T07:09:00+00:00,MGC,4483.9,4484.1,4483.4,4483.9,66.0
2026-01-09T07:10:00+00:00,MGC,4483.7,4483.7,4482.4,4482.4,55.0
2026-01-09T07:11:00+00:00,MGC,4482.4,4482.6,4481.9,4482.1,87.0
2026-01-09T07:12:00+00:00,MGC,4481.9,4482.2,4481.6,4481.8,128.0
2026-01-09T07:13:00+00:00,MGC,4481.9,4481.9,4480.7,4480.8,106.0
2026-01-09T07:14:00+00:00,MGC,4480.7,4480.8,4479.7,4480.4,197.0
2026-01-09T07:15:00+00:00,MGC,4480.5,4481.5,4480.2,4481.2,144.0
2026-01-09T07:16:00+00:00,MGC,4481.0,4481.6,4480.3,4481.2,97.0
2026-01-09T07:17:00+00:00,MGC,4481.0,4481.8,4480.8,4481.0,90.0
2026-01-09T07:18:00+00:00,MGC,4481.2,4481.6,4479.6,4481.6,157.0
2026-01-09T07:19:00+00:00,MGC,4481.8,4482.1,4481.4,4481.5,78.0
2026-01-09T07:20:00+00:00,MGC,4481.5,4481.8,4480.7,4480.7,69.0
2026-01-09T07:21:00+00:00,MGC,4480.8,4481.5,4479.8,4481.0,159.0
2026-01-09T07:22:00+00:00,MGC,4481.2,4481.5,4480.9,4481.0,72.0
2026-01-09T07:23:00+00:00,MGC,4481.2,4481.3,4480.4,4480.9,57.0
2026-01-09T07:24:00+00:00,MGC,4480.8,4480.8,4478.6,4479.5,209.0
2026-01-09T07:25:00+00:00,MGC,4479.5,4479.5,4478.0,4478.3,147.0
2026-01-09T07:26:00+00:00,MGC,4478.3,4478.6,4477.6,4478.4,203.0
2026-01-09T07:27:00+00:00,MGC,4478.6,4480.1,4478.3,4479.4,168.0
2026-01-09T07:28:00+00:00,MGC,4479.6,4480.3,4479.3,4480.0,99.0
2026-01-09T07:29:00+00:00,MGC,4480.1,4480.1,4478.9,4479.4,135.0
2026-01-09T07:30:00+00:00,MGC,4479.3,4480.4,4478.5,4480.2,105.0
2026-01-09T07:31:00+00:00,MGC,4480.1,4480.5,4479.7,4480.1,88.0
2026-01-09T07:32:00+00:00,MGC,4480.2,4480.5,4479.9,4480.3,53.0
2026-01-09T07:33:00+00:00,MGC,4480.2,4480.3,4478.4,4478.4,74.0
2026-01-09T07:34:00+00:00,MGC,4478.4,4478.6,4477.8,4478.4,95.0
2026-01-09T07:35:00+00:00,MGC,4478.4,4479.0,4477.1,4478.6,214.0
2026-01-09T07:36:00+00:00,MGC,4478.7,4479.4,4478.5,4479.4,100.0
2026-01-09T07:37:00+00:00,MGC,4479.5,4481.0,4479.5,4480.8,139.0
2026-01-09T07:38:00+00:00,MGC,4480.7,4480.9,4480.0,4480.9,82.0
2026-01-09T07:39:00+00:00,MGC,4480.9,4481.4,4480.3,4480.8,144.0
2026-01-09T07:40:00+00:00,MGC,4481.0,4481.7,4480.0,4480.1,117.0
2026-01-09T07:41:00+00:00,MGC,4480.0,4480.7,4479.9,4480.4,103.0
2026-01-09T07:42:00+00:00,MGC,4480.4,4481.5,4480.4,4480.9,120.0
2026-01-09T07:43:00+00:00,MGC,4480.7,4481.9,4480.6,4481.3,134.0
2026-01-09T07:44:00+00:00,MGC,4481.2,4481.3,4480.1,4480.6,131.0
2026-01-09T07:45:00+00:00,MGC,4480.5,4481.1,4480.1,4480.6,166.0
2026-01-09T07:46:00+00:00,MGC,4480.8,4481.5,4479.7,4481.5,140.0
2026-01-09T07:47:00+00:00,MGC,4481.4,4482.0,4481.3,4481.3,107.0
2026-01-09T07:48:00+00:00,MGC,4481.3,4481.4,4480.0,4480.4,94.0
2026-01-09T07:49:00+00:00,MGC,4480.4,4480.9,4480.3,4480.8,113.0
2026-01-09T07:50:00+00:00,MGC,4480.9,4481.7,4480.7,4481.3,88.0
2026-01-09T07:51:00+00:00,MGC,4481.1,4481.3,4478.3,4480.2,252.0
2026-01-09T07:52:00+00:00,MGC,4480.0,4482.0,4479.8,4481.8,153.0
2026-01-09T07:53:00+00:00,MGC,4481.6,4482.4,4481.2,4481.7,92.0
2026-01-09T07:54:00+00:00,MGC,4481.7,4481.8,4480.6,4480.8,50.0
2026-01-09T07:55:00+00:00,MGC,4480.9,4481.3,4480.2,4480.7,56.0
2026-01-09T07:56:00+00:00,MGC,4480.6,4481.0,4480.3,4480.5,79.0
2026-01-09T07:57:00+00:00,MGC,4480.6,4480.8,4479.0,4479.5,96.0
2026-01-09T07:58:00+00:00,MGC,4479.1,4479.7,4478.1,4479.2,194.0
2026-01-09T07:59:00+00:00,MGC,4479.2,4479.4,4478.3,4479.1,112.0
2026-01-09T08:00:00+00:00,MGC,4478.5,4479.6,4478.0,4479.5,214.0
2026-01-09T08:01:00+00:00,MGC,4479.8,4480.7,4477.6,4477.9,153.0
2026-01-09T08:02:00+00:00,MGC,4477.9,4478.0,4475.1,4476.4,483.0
2026-01-09T08:03:00+00:00,MGC,4476.6,4479.4,4476.6,4478.6,219.0
2026-01-09T08:04:00+00:00,MGC,4478.5,4479.5,4477.9,4478.1,115.0
2026-01-09T08:05:00+00:00,MGC,4478.1,4482.9,4477.8,4482.8,390.0
2026-01-09T08:06:00+00:00,MGC,4482.6,4483.9,4482.2,4483.6,423.0
2026-01-09T08:07:00+00:00,MGC,4483.6,4485.3,4483.6,4485.0,311.0
2026-01-09T08:08:00+00:00,MGC,4485.2,4485.6,4482.8,4482.8,291.0
2026-01-09T08:09:00+00:00,MGC,4482.9,4483.4,4482.4,4482.8,190.0
2026-01-09T08:10:00+00:00,MGC,4482.9,4484.5,4482.3,4483.5,196.0
2026-01-09T08:11:00+00:00,MGC,4483.8,4484.5,4483.2,4484.1,151.0
2026-01-09T08:12:00+00:00,MGC,4484.4,4484.4,4483.2,4483.9,172.0
2026-01-09T08:13:00+00:00,MGC,4484.1,4485.9,4483.4,4483.6,252.0
2026-01-09T08:14:00+00:00,MGC,4483.6,4483.7,4482.3,4483.3,212.0
2026-01-09T08:15:00+00:00,MGC,4483.3,4483.8,4481.5,4482.9,185.0
2026-01-09T08:16:00+00:00,MGC,4482.7,4482.8,4481.8,4482.6,83.0
2026-01-09T08:17:00+00:00,MGC,4482.2,4482.9,4481.8,4482.4,93.0
2026-01-09T08:18:00+00:00,MGC,4482.3,4482.7,4481.3,4482.6,102.0
2026-01-09T08:19:00+00:00,MGC,4482.6,4483.0,4482.1,4482.8,67.0
2026-01-09T08:20:00+00:00,MGC,4482.7,4483.4,4482.1,4483.1,124.0
2026-01-09T08:21:00+00:00,MGC,4482.8,4483.2,4482.5,4483.1,72.0
2026-01-09T08:22:00+00:00,MGC,4482.9,4484.2,4482.1,4483.9,126.0
2026-01-09T08:23:00+00:00,MGC,4483.7,4483.7,4483.3,4483.7,52.0
2026-01-09T08:24:00+00:00,MGC,4483.4,4484.3,4482.8,4482.8,129.0
2026-01-09T08:25:00+00:00,MGC,4482.8,4483.7,4482.4,4482.7,106.0
2026-01-09T08:26:00+00:00,MGC,4482.5,4484.0,4482.2,4483.3,97.0
2026-01-09T08:27:00+00:00,MGC,4483.4,4484.1,4482.8,4482.9,55.0
2026-01-09T08:28:00+00:00,MGC,4482.8,4482.9,4482.2,4482.4,42.0
2026-01-09T08:29:00+00:00,MGC,4482.6,4482.7,4481.6,4482.1,61.0
2026-01-09T08:30:00+00:00,MGC,4482.2,4482.7,4480.2,4480.8,227.0
2026-01-09T08:31:00+00:00,MGC,4480.9,4481.4,4479.5,4479.8,241.0
2026-01-09T08:32:00+00:00,MGC,4479.7,4481.9,4479.7,4481.2,216.0
2026-01-09T08:33:00+00:00,MGC,4481.1,4481.6,4480.6,4481.4,64.0
2026-01-09T08:34:00+00:00,MGC,4481.3,4481.3,4479.0,4479.1,185.0
2026-01-09T08:35:00+00:00,MGC,4479.2,4479.2,4478.3,4478.5,143.0
2026-01-09T08:36:00+00:00,MGC,4478.4,4478.9,4477.9,4478.2,165.0
2026-01-09T08:37:00+00:00,MGC,4478.3,4478.6,4476.5,4477.5,197.0
2026-01-09T08:38:00+00:00,MGC,4477.7,4478.3,4475.9,4476.4,284.0
2026-01-09T08:39:00+00:00,MGC,4476.5,4477.2,4475.4,4475.5,235.0
2026-01-09T08:40:00+00:00,MGC,4475.3,4475.8,4474.5,4475.2,271.0
2026-01-09T08:41:00+00:00,MGC,4475.2,4476.0,4474.7,4475.4,225.0
2026-01-09T08:42:00+00:00,MGC,4475.2,4476.8,4474.7,4476.4,223.0
2026-01-09T08:43:00+00:00,MGC,4476.5,4477.3,4476.2,4476.8,207.0
2026-01-09T08:44:00+00:00,MGC,4476.9,4477.2,4475.6,4475.8,164.0
2026-01-09T08:45:00+00:00,MGC,4475.8,4477.0,4475.6,4476.2,89.0
2026-01-09T08:46:00+00:00,MGC,4476.3,4476.4,4475.2,4475.2,144.0
2026-01-09T08:47:00+00:00,MGC,4475.2,4475.2,4473.8,4474.3,331.0
2026-01-09T08:48:00+00:00,MGC,4474.2,4475.0,4473.9,4474.9,172.0
2026-01-09T08:49:00+00:00,MGC,4475.0,4476.0,4474.6,4475.9,118.0
2026-01-09T08:50:00+00:00,MGC,4475.7,4475.7,4474.5,4475.2,125.0
2026-01-09T08:51:00+00:00,MGC,4475.1,4475.1,4473.2,4474.1,319.0
2026-01-09T08:52:00+00:00,MGC,4473.8,4474.1,4472.8,4474.1,262.0
2026-01-09T08:53:00+00:00,MGC,4474.0,4474.1,4472.6,4473.1,77.0
2026-01-09T08:54:00+00:00,MGC,4473.1,4476.2,4473.1,4476.1,192.0
2026-01-09T08:55:00+00:00,MGC,4476.1,4477.1,4475.8,4477.0,240.0
2026-01-09T08:56:00+00:00,MGC,4477.0,4477.2,4476.2,4476.8,120.0
2026-01-09T08:57:00+00:00,MGC,4476.7,4477.0,4476.3,4476.3,71.0
2026-01-09T08:58:00+00:00,MGC,4476.2,4476.9,4476.1,4476.5,51.0
2026-01-09T08:59:00+00:00,MGC,4476.7,4477.5,4475.8,4477.1,143.0
2026-01-09T09:00:00+00:00,MGC,4477.1,4478.2,4477.0,4477.9,204.0
2026-01-09T09:01:00+00:00,MGC,4478.0,4478.7,4477.7,4478.0,91.0
2026-01-09T09:02:00+00:00,MGC,4478.1,4479.7,4478.1,4479.4,183.0
2026-01-09T09:03:00+00:00,MGC,4479.5,4479.5,4478.3,4478.9,107.0
2026-01-09T09:04:00+00:00,MGC,4478.9,4479.4,4478.7,4479.1,89.0
2026-01-09T09:05:00+00:00,MGC,4479.3,4480.8,4478.9,4480.6,199.0
2026-01-09T09:06:00+00:00,MGC,4480.5,4481.8,4480.5,4480.9,236.0
2026-01-09T09:07:00+00:00,MGC,4481.1,4481.5,4480.9,4481.4,162.0
2026-01-09T09:08:00+00:00,MGC,4481.4,4481.5,4479.9,4481.2,163.0
2026-01-09T09:09:00+00:00,MGC,4481.4,4481.6,4480.0,4480.0,63.0
2026-01-09T09:10:00+00:00,MGC,4480.0,4482.1,4480.0,4481.2,131.0
2026-01-09T09:11:00+00:00,MGC,4481.3,4482.7,4481.3,4482.6,227.0
2026-01-09T09:12:00+00:00,MGC,4482.5,4483.6,4482.2,4483.1,218.0
2026-01-09T09:13:00+00:00,MGC,4483.2,4483.3,4481.8,4482.8,213.0
2026-01-09T09:14:00+00:00,MGC,4482.8,4483.4,4482.7,4483.3,105.0
2026-01-09T09:15:00+00:00,MGC,4483.3,4483.8,4481.9,4482.2,212.0
2026-01-09T09:16:00+00:00,MGC,4482.2,4482.9,4481.8,4481.8,120.0
2026-01-09T09:17:00+00:00,MGC,4481.8,4482.8,4481.6,4482.8,101.0
2026-01-09T09:18:00+00:00,MGC,4482.8,4485.1,4482.8,4485.1,278.0
2026-01-09T09:19:00+00:00,MGC,4485.1,4485.2,4484.3,4484.6,219.0
2026-01-09T09:20:00+00:00,MGC,4484.7,4486.4,4484.5,4484.6,399.0
2026-01-09T09:21:00+00:00,MGC,4484.8,4485.7,4484.7,4485.3,135.0
2026-01-09T09:22:00+00:00,MGC,4485.2,4485.4,4484.4,4485.1,124.0
2026-01-09T09:23:00+00:00,MGC,4485.1,4485.1,4483.7,4483.9,142.0
2026-01-09T09:24:00+00:00,MGC,4484.0,4484.1,4483.4,4483.4,109.0
2026-01-09T09:25:00+00:00,MGC,4483.4,4483.8,4482.8,4483.6,138.0
2026-01-09T09:26:00+00:00,MGC,4483.7,4484.0,4483.0,4483.9,114.0
2026-01-09T09:27:00+00:00,MGC,4484.0,4484.4,4483.1,4483.6,102.0
2026-01-09T09:28:00+00:00,MGC,4483.5,4483.5,4482.3,4482.9,117.0
2026-01-09T09:29:00+00:00,MGC,4482.8,4483.3,4482.0,4482.4,122.0
2026-01-09T09:30:00+00:00,MGC,4482.4,4483.1,4482.0,4482.1,99.0
2026-01-09T09:31:00+00:00,MGC,4482.1,4483.6,4481.8,4483.5,150.0
2026-01-09T09:32:00+00:00,MGC,4483.5,4483.8,4481.9,4482.6,155.0
2026-01-09T09:33:00+00:00,MGC,4482.5,4482.7,4481.2,4481.5,98.0
2026-01-09T09:34:00+00:00,MGC,4481.3,4482.3,4481.3,4481.8,53.0
2026-01-09T09:35:00+00:00,MGC,4481.8,4482.0,4480.3,4480.5,241.0
2026-01-09T09:36:00+00:00,MGC,4480.5,4481.5,4480.5,4481.3,68.0
2026-01-09T09:37:00+00:00,MGC,4481.2,4481.2,4480.5,4480.7,72.0
2026-01-09T09:38:00+00:00,MGC,4480.6,4481.3,4480.3,4481.3,54.0
2026-01-09T09:39:00+00:00,MGC,4481.3,4481.7,4480.6,4481.7,52.0
2026-01-09T09:40:00+00:00,MGC,4481.5,4482.5,4481.5,4482.0,154.0
2026-01-09T09:41:00+00:00,MGC,4482.0,4482.0,4480.9,4480.9,67.0
2026-01-09T09:42:00+00:00,MGC,4481.1,4481.8,4481.1,4481.5,51.0
2026-01-09T09:43:00+00:00,MGC,4481.6,4481.6,4480.4,4480.8,70.0
2026-01-09T09:44:00+00:00,MGC,4481.1,4481.1,4480.0,4480.3,87.0
2026-01-09T09:45:00+00:00,MGC,4480.2,4480.8,4480.1,4480.8,61.0
2026-01-09T09:46:00+00:00,MGC,4481.0,4483.1,4480.3,4482.9,171.0
2026-01-09T09:47:00+00:00,MGC,4482.8,4483.0,4481.8,4481.9,83.0
2026-01-09T09:48:00+00:00,MGC,4482.0,4482.1,4481.4,4481.8,66.0
2026-01-09T09:49:00+00:00,MGC,4481.6,4482.1,4481.5,4481.8,50.0
2026-01-09T09:50:00+00:00,MGC,4481.8,4481.9,4481.1,4481.4,35.0
2026-01-09T09:51:00+00:00,MGC,4481.2,4481.4,4480.4,4480.9,102.0
2026-01-09T09:52:00+00:00,MGC,4481.1,4481.4,4480.9,4481.0,19.0
2026-01-09T09:53:00+00:00,MGC,4480.8,4480.8,4479.6,4479.9,167.0
2026-01-09T09:54:00+00:00,MGC,4480.1,4480.1,4479.2,4479.7,91.0
2026-01-09T09:55:00+00:00,MGC,4479.5,4480.6,4479.5,4480.6,57.0
2026-01-09T09:56:00+00:00,MGC,4480.2,4481.5,4480.2,4481.0,102.0
2026-01-09T09:57:00+00:00,MGC,4480.7,4480.8,4479.7,4479.8,89.0
2026-01-09T09:58:00+00:00,MGC,4479.9,4480.7,4479.6,4479.8,87.0
2026-01-09T09:59:00+00:00,MGC,4479.8,4480.0,4479.4,4479.7,29.0
2026-01-09T10:00:00+00:00,MGC,4479.6,4480.8,4479.3,4480.5,82.0
2026-01-09T10:01:00+00:00,MGC,4480.5,4480.5,4478.8,4479.3,147.0
2026-01-09T10:02:00+00:00,MGC,4479.4,4480.3,4479.4,4480.0,66.0
2026-01-09T10:03:00+00:00,MGC,4480.1,4480.5,4479.7,4480.3,47.0
2026-01-09T10:04:00+00:00,MGC,4480.1,4480.1,4478.9,4479.1,39.0
2026-01-09T10:05:00+00:00,MGC,4479.1,4480.2,4478.2,4480.0,153.0
2026-01-09T10:06:00+00:00,MGC,4479.9,4481.8,4479.8,4481.8,142.0
2026-01-09T10:07:00+00:00,MGC,4481.7,4481.9,4480.4,4480.4,97.0
2026-01-09T10:08:00+00:00,MGC,4480.3,4481.0,4480.2,4480.8,124.0
2026-01-09T10:09:00+00:00,MGC,4480.7,4482.5,4480.7,4482.5,107.0
2026-01-09T10:10:00+00:00,MGC,4482.3,4482.8,4482.0,4482.3,109.0
2026-01-09T10:11:00+00:00,MGC,4482.4,4482.4,4481.5,4481.9,55.0
2026-01-09T10:12:00+00:00,MGC,4481.9,4481.9,4481.2,4481.8,58.0
2026-01-09T10:13:00+00:00,MGC,4481.8,4481.9,4481.0,4481.0,46.0
2026-01-09T10:14:00+00:00,MGC,4481.0,4481.1,4480.4,4480.5,47.0
2026-01-09T10:15:00+00:00,MGC,4480.4,4480.8,4479.9,4480.6,70.0
2026-01-09T10:16:00+00:00,MGC,4480.6,4481.7,4480.6,4481.2,46.0
2026-01-09T10:17:00+00:00,MGC,4481.3,4481.5,4480.9,4481.0,52.0
2026-01-09T10:18:00+00:00,MGC,4481.1,4482.4,4481.1,4482.4,91.0
2026-01-09T10:19:00+00:00,MGC,4482.3,4482.4,4481.7,4482.0,55.0
2026-01-09T10:20:00+00:00,MGC,4482.1,4482.1,4481.2,4481.8,53.0
2026-01-09T10:21:00+00:00,MGC,4482.0,4482.4,4481.5,4481.9,37.0
2026-01-09T10:22:00+00:00,MGC,4481.9,4482.0,4481.0,4481.2,48.0
2026-01-09T10:23:00+00:00,MGC,4481.2,4481.4,4480.5,4481.4,64.0
2026-01-09T10:24:00+00:00,MGC,4481.2,4481.2,4479.3,4479.9,181.0
2026-01-09T10:25:00+00:00,MGC,4479.9,4480.3,4479.4,4479.6,51.0
2026-01-09T10:26:00+00:00,MGC,4479.4,4479.9,4478.4,4478.9,112.0
2026-01-09T10:27:00+00:00,MGC,4478.8,4478.9,4477.3,4477.5,186.0
2026-01-09T10:28:00+00:00,MGC,4477.6,4478.6,4477.6,4478.2,183.0
2026-01-09T10:29:00+00:00,MGC,4478.2,4478.5,4477.4,4477.5,112.0
2026-01-09T10:30:00+00:00,MGC,4477.5,4477.7,4476.8,4477.2,245.0
2026-01-09T10:31:00+00:00,MGC,4477.2,4477.2,4476.7,4476.9,103.0
2026-01-09T10:32:00+00:00,MGC,4476.8,4479.2,4476.7,4479.0,268.0
2026-01-09T10:33:00+00:00,MGC,4479.1,4480.8,4479.1,4480.8,208.0
2026-01-09T10:34:00+00:00,MGC,4480.8,4481.1,4479.0,4479.4,190.0
2026-01-09T10:35:00+00:00,MGC,4479.3,4479.4,4477.7,4478.5,137.0
2026-01-09T10:36:00+00:00,MGC,4478.5,4479.8,4477.7,4479.8,104.0
2026-01-09T10:37:00+00:00,MGC,4479.6,4479.8,4479.1,4479.1,82.0
2026-01-09T10:38:00+00:00,MGC,4479.2,4479.2,4478.6,4478.6,29.0
2026-01-09T10:39:00+00:00,MGC,4478.7,4479.3,4478.4,4479.2,66.0
2026-01-09T10:40:00+00:00,MGC,4479.3,4479.4,4479.0,4479.1,33.0
2026-01-09T10:41:00+00:00,MGC,4478.9,4479.1,4478.3,4478.5,40.0
2026-01-09T10:42:00+00:00,MGC,4478.4,4479.7,4478.4,4479.4,95.0
2026-01-09T10:43:00+00:00,MGC,4479.4,4479.6,4478.6,4478.8,64.0
2026-01-09T10:44:00+00:00,MGC,4478.7,4478.7,4477.8,4477.8,47.0
2026-01-09T10:45:00+00:00,MGC,4477.7,4477.7,4476.6,4476.9,146.0
2026-01-09T10:46:00+00:00,MGC,4476.7,4477.0,4476.2,4476.5,82.0
2026-01-09T10:47:00+00:00,MGC,4476.5,4476.6,4476.0,4476.3,93.0
2026-01-09T10:48:00+00:00,MGC,4476.4,4477.2,4475.9,4476.4,182.0
2026-01-09T10:49:00+00:00,MGC,4476.4,4477.3,4475.8,4477.3,133.0
2026-01-09T10:50:00+00:00,MGC,4477.3,4477.9,4476.7,4477.2,93.0
2026-01-09T10:51:00+00:00,MGC,4477.3,4477.8,4477.0,4477.4,81.0
2026-01-09T10:52:00+00:00,MGC,4477.4,4478.7,4477.0,4478.3,71.0
2026-01-09T10:53:00+00:00,MGC,4478.3,4479.6,4478.3,4479.5,86.0
2026-01-09T10:54:00+00:00,MGC,4479.6,4480.5,4479.6,4480.4,100.0
2026-01-09T10:55:00+00:00,MGC,4480.5,4480.7,4479.8,4479.9,95.0
2026-01-09T10:56:00+00:00,MGC,4479.9,4480.0,4479.3,4479.7,49.0
2026-01-09T10:57:00+00:00,MGC,4479.7,4480.4,4479.2,4480.1,94.0
2026-01-09T10:58:00+00:00,MGC,4480.3,4480.7,4479.9,4480.1,58.0
2026-01-09T10:59:00+00:00,MGC,4480.4,4481.6,4480.4,4481.4,153.0
2026-01-09T11:00:00+00:00,MGC,4481.4,4483.3,4481.3,4483.3,269.0
2026-01-09T11:01:00+00:00,MGC,4483.3,4483.6,4481.7,4481.7,179.0
2026-01-09T11:02:00+00:00,MGC,4481.9,4482.6,4481.5,4482.5,111.0
2026-01-09T11:03:00+00:00,MGC,4482.4,4483.6,4482.4,4483.3,175.0
2026-01-09T11:04:00+00:00,MGC,4483.3,4483.4,4482.0,4482.3,83.0
2026-01-09T11:05:00+00:00,MGC,4482.3,4482.8,4481.7,4482.1,57.0
2026-01-09T11:06:00+00:00,MGC,4481.9,4481.9,4480.7,4481.1,124.0
2026-01-09T11:07:00+00:00,MGC,4481.3,4481.3,4480.4,4480.6,71.0
2026-01-09T11:08:00+00:00,MGC,4480.6,4480.8,4480.0,4480.2,84.0
2026-01-09T11:09:00+00:00,MGC,4480.1,4480.1,4478.6,4479.0,201.0
2026-01-09T11:10:00+00:00,MGC,4479.0,4480.4,4478.9,4480.4,95.0
2026-01-09T11:11:00+00:00,MGC,4480.3,4480.8,4480.0,4480.8,109.0
2026-01-09T11:12:00+00:00,MGC,4480.7,4480.7,4480.2,4480.4,32.0
2026-01-09T11:13:00+00:00,MGC,4480.6,4480.6,4479.8,4480.2,88.0
2026-01-09T11:14:00+00:00,MGC,4480.3,4480.8,4480.0,4480.8,36.0
2026-01-09T11:15:00+00:00,MGC,4480.9,4480.9,4480.3,4480.5,31.0
2026-01-09T11:16:00+00:00,MGC,4480.7,4481.1,4480.5,4480.8,52.0
2026-01-09T11:17:00+00:00,MGC,4480.7,4481.2,4480.1,4480.3,87.0
2026-01-09T11:18:00+00:00,MGC,4480.3,4481.3,4480.3,4481.0,61.0
2026-01-09T11:19:00+00:00,MGC,4481.2,4481.7,4480.8,4481.1,68.0
2026-01-09T11:20:00+00:00,MGC,4481.0,4481.0,4480.2,4480.7,84.0
2026-01-09T11:21:00+00:00,MGC,4480.7,4481.8,4480.6,4481.3,68.0
2026-01-09T11:22:00+00:00,MGC,4481.2,4481.7,4480.6,4481.0,51.0
2026-01-09T11:23:00+00:00,MGC,4481.1,4481.3,4481.0,4481.2,32.0
2026-01-09T11:24:00+00:00,MGC,4481.2,4481.3,4480.4,4481.2,77.0
2026-01-09T11:25:00+00:00,MGC,4481.0,4481.2,4479.9,4480.4,61.0
2026-01-09T11:26:00+00:00,MGC,4480.2,4481.0,4480.2,4481.0,44.0
2026-01-09T11:27:00+00:00,MGC,4480.7,4480.7,4480.0,4480.6,37.0
2026-01-09T11:28:00+00:00,MGC,4480.6,4480.6,4479.3,4479.9,116.0
2026-01-09T11:29:00+00:00,MGC,4479.9,4479.9,4479.3,4479.3,64.0
2026-01-09T11:30:00+00:00,MGC,4479.4,4479.6,4478.9,4478.9,71.0
2026-01-09T11:31:00+00:00,MGC,4479.2,4479.2,4478.1,4478.1,54.0
2026-01-09T11:32:00+00:00,MGC,4478.1,4479.7,4477.8,4479.3,86.0
2026-01-09T11:33:00+00:00,MGC,4479.3,4479.4,4478.3,4479.0,47.0
2026-01-09T11:34:00+00:00,MGC,4479.0,4480.1,4478.8,4479.6,103.0
2026-01-09T11:35:00+00:00,MGC,4479.5,4479.8,4478.9,4479.3,61.0
2026-01-09T11:36:00+00:00,MGC,4479.2,4479.7,4478.7,4479.4,34.0
2026-01-09T11:37:00+00:00,MGC,4479.5,4479.9,4479.2,4479.3,57.0
2026-01-09T11:38:00+00:00,MGC,4479.2,4479.6,4478.2,4479.6,98.0
2026-01-09T11:39:00+00:00,MGC,4479.3,4480.8,4479.3,4480.8,120.0
2026-01-09T11:40:00+00:00,MGC,4480.8,4480.8,4479.6,4479.9,88.0
2026-01-09T11:41:00+00:00,MGC,4479.6,4479.6,4478.5,4478.6,108.0
2026-01-09T11:42:00+00:00,MGC,4478.7,4479.3,4477.9,4478.3,112.0
2026-01-09T11:43:00+00:00,MGC,4478.2,4480.1,4478.2,4479.2,113.0
2026-01-09T11:44:00+00:00,MGC,4479.4,4479.5,4479.0,4479.5,24.0
2026-01-09T11:45:00+00:00,MGC,4479.2,4479.5,4478.7,4479.1,70.0
2026-01-09T11:46:00+00:00,MGC,4478.7,4478.7,4477.2,4477.7,125.0
2026-01-09T11:47:00+00:00,MGC,4478.4,4479.5,4478.4,4479.2,62.0
2026-01-09T11:48:00+00:00,MGC,4479.1,4480.2,4479.0,4479.7,69.0
2026-01-09T11:49:00+00:00,MGC,4479.9,4481.3,4479.9,4481.2,85.0
2026-01-09T11:50:00+00:00,MGC,4481.2,4481.8,4481.2,4481.8,86.0
2026-01-09T11:51:00+00:00,MGC,4481.7,4481.9,4480.8,4481.5,106.0
2026-01-09T11:52:00+00:00,MGC,4481.5,4481.8,4480.4,4480.6,101.0
2026-01-09T11:53:00+00:00,MGC,4480.5,4481.4,4480.3,4480.7,73.0
2026-01-09T11:54:00+00:00,MGC,4480.9,4482.5,4480.9,4482.2,82.0
2026-01-09T11:55:00+00:00,MGC,4482.4,4482.7,4482.0,4482.5,97.0
2026-01-09T11:56:00+00:00,MGC,4482.7,4483.9,4482.6,4482.8,254.0
2026-01-09T11:57:00+00:00,MGC,4483.0,4483.9,4483.0,4483.2,152.0
2026-01-09T11:58:00+00:00,MGC,4483.3,4484.7,4483.0,4484.6,220.0
2026-01-09T11:59:00+00:00,MGC,4484.6,4485.2,4484.4,4484.4,242.0
2026-01-09T12:00:00+00:00,MGC,4484.3,4487.9,4484.3,4487.6,582.0
2026-01-09T12:01:00+00:00,MGC,4487.7,4487.8,4486.2,4486.7,354.0
2026-01-09T12:02:00+00:00,MGC,4486.6,4486.9,4485.7,4486.3,141.0
2026-01-09T12:03:00+00:00,MGC,4486.3,4486.6,4485.7,4486.1,164.0
2026-01-09T12:04:00+00:00,MGC,4486.1,4486.9,4486.0,4486.0,133.0
2026-01-09T12:05:00+00:00,MGC,4486.2,4489.0,4485.9,4488.9,512.0
2026-01-09T12:06:00+00:00,MGC,4489.0,4489.6,4488.2,4488.3,428.0
2026-01-09T12:07:00+00:00,MGC,4488.3,4488.5,4487.2,4487.9,314.0
2026-01-09T12:08:00+00:00,MGC,4488.1,4488.7,4486.9,4486.9,162.0
2026-01-09T12:09:00+00:00,MGC,4487.0,4488.0,4486.6,4486.6,181.0
2026-01-09T12:10:00+00:00,MGC,4486.5,4486.6,4485.4,4486.2,254.0
2026-01-09T12:11:00+00:00,MGC,4486.1,4486.3,4482.7,4483.1,436.0
2026-01-09T12:12:00+00:00,MGC,4483.1,4483.8,4481.4,4482.5,298.0
2026-01-09T12:13:00+00:00,MGC,4482.5,4483.0,4481.0,4482.5,321.0
2026-01-09T12:14:00+00:00,MGC,4482.4,4483.2,4482.3,4483.2,183.0
2026-01-09T12:15:00+00:00,MGC,4483.3,4484.1,4482.4,4482.8,243.0
2026-01-09T12:16:00+00:00,MGC,4483.0,4483.4,4482.3,4483.1,141.0
2026-01-09T12:17:00+00:00,MGC,4483.4,4484.0,4482.8,4483.2,132.0
2026-01-09T12:18:00+00:00,MGC,4483.3,4483.4,4482.7,4482.9,92.0
2026-01-09T12:19:00+00:00,MGC,4483.0,4483.0,4482.3,4482.7,80.0
2026-01-09T12:20:00+00:00,MGC,4482.6,4482.7,4480.0,4480.3,383.0
2026-01-09T12:21:00+00:00,MGC,4480.2,4480.4,4479.6,4480.0,223.0
2026-01-09T12:22:00+00:00,MGC,4479.8,4480.5,4479.6,4480.1,122.0
2026-01-09T12:23:00+00:00,MGC,4480.2,4480.8,4479.5,4479.7,113.0
2026-01-09T12:24:00+00:00,MGC,4479.7,4480.4,4479.1,4479.9,162.0
2026-01-09T12:25:00+00:00,MGC,4479.8,4480.4,4478.4,4478.9,249.0
2026-01-09T12:26:00+00:00,MGC,4478.8,4479.1,4476.6,4476.9,353.0
2026-01-09T12:27:00+00:00,MGC,4477.0,4479.0,4475.6,4479.0,562.0
2026-01-09T12:28:00+00:00,MGC,4478.9,4479.0,4477.0,4477.2,300.0
2026-01-09T12:29:00+00:00,MGC,4477.3,4478.0,4476.6,4476.8,202.0
2026-01-09T12:30:00+00:00,MGC,4476.9,4477.8,4475.7,4476.1,279.0
2026-01-09T12:31:00+00:00,MGC,4476.2,4476.2,4473.0,4473.7,897.0
2026-01-09T12:32:00+00:00,MGC,4473.7,4474.5,4473.5,4474.1,311.0
2026-01-09T12:33:00+00:00,MGC,4474.1,4474.5,4469.4,4472.8,1132.0
2026-01-09T12:34:00+00:00,MGC,4472.8,4473.5,4471.9,4473.3,293.0
2026-01-09T12:35:00+00:00,MGC,4473.3,4474.9,4472.9,4473.4,406.0
2026-01-09T12:36:00+00:00,MGC,4473.6,4473.9,4471.7,4471.9,236.0
2026-01-09T12:37:00+00:00,MGC,4471.9,4473.7,4471.5,4472.8,220.0
2026-01-09T12:38:00+00:00,MGC,4473.0,4475.0,4473.0,4474.7,189.0
2026-01-09T12:39:00+00:00,MGC,4474.7,4475.0,4474.1,4474.4,152.0
2026-01-09T12:40:00+00:00,MGC,4474.4,4474.5,4473.8,4474.2,99.0
2026-01-09T12:41:00+00:00,MGC,4474.3,4475.1,4473.7,4474.4,244.0
2026-01-09T12:42:00+00:00,MGC,4474.3,4475.7,4473.6,4475.4,244.0
2026-01-09T12:43:00+00:00,MGC,4475.5,4475.5,4474.5,4474.5,201.0
2026-01-09T12:44:00+00:00,MGC,4474.4,4474.9,4472.7,4474.6,319.0
2026-01-09T12:45:00+00:00,MGC,4474.5,4475.9,4473.5,4475.9,174.0
2026-01-09T12:46:00+00:00,MGC,4475.8,4476.9,4475.2,4476.4,300.0
2026-01-09T12:47:00+00:00,MGC,4476.6,4476.7,4475.7,4476.2,115.0
2026-01-09T12:48:00+00:00,MGC,4476.5,4476.9,4475.8,4476.4,126.0
2026-01-09T12:49:00+00:00,MGC,4476.5,4476.8,4475.9,4476.2,146.0
2026-01-09T12:50:00+00:00,MGC,4476.3,4476.3,4475.4,4475.9,205.0
2026-01-09T12:51:00+00:00,MGC,4475.8,4475.8,4473.6,4474.6,324.0
2026-01-09T12:52:00+00:00,MGC,4474.6,4475.9,4474.5,4475.0,203.0
2026-01-09T12:53:00+00:00,MGC,4475.3,4475.4,4473.3,4474.1,207.0
2026-01-09T12:54:00+00:00,MGC,4473.8,4473.9,4472.3,4472.8,303.0
2026-01-09T12:55:00+00:00,MGC,4472.6,4474.3,4472.1,4474.0,199.0
2026-01-09T12:56:00+00:00,MGC,4474.1,4475.4,4473.4,4475.0,232.0
2026-01-09T12:57:00+00:00,MGC,4475.2,4476.5,4474.8,4475.2,236.0
2026-01-09T12:58:00+00:00,MGC,4475.2,4475.8,4474.9,4474.9,135.0
2026-01-09T12:59:00+00:00,MGC,4475.0,4475.9,4474.2,4474.7,165.0
2026-01-09T13:00:00+00:00,MGC,4474.7,4477.7,4472.8,4474.1,807.0
2026-01-09T13:01:00+00:00,MGC,4473.7,4477.5,4472.0,4477.1,476.0
2026-01-09T13:02:00+00:00,MGC,4477.2,4478.7,4476.7,4478.0,631.0
2026-01-09T13:03:00+00:00,MGC,4478.3,4479.2,4477.2,4477.3,317.0
2026-01-09T13:04:00+00:00,MGC,4477.4,4478.8,4476.5,4478.1,270.0
2026-01-09T13:05:00+00:00,MGC,4478.0,4480.8,4477.9,4480.8,563.0
2026-01-09T13:06:00+00:00,MGC,4480.9,4482.5,4480.7,4481.0,549.0
2026-01-09T13:07:00+00:00,MGC,4481.1,4482.0,4480.5,4481.0,317.0
2026-01-09T13:08:00+00:00,MGC,4481.0,4481.0,4477.8,4478.6,481.0
2026-01-09T13:09:00+00:00,MGC,4478.8,4479.6,4478.0,4478.7,298.0
2026-01-09T13:10:00+00:00,MGC,4478.5,4478.7,4476.3,4476.9,391.0
2026-01-09T13:11:00+00:00,MGC,4476.9,4479.1,4476.6,4478.6,215.0
2026-01-09T13:12:00+00:00,MGC,4478.7,4480.3,4478.0,4478.7,322.0
2026-01-09T13:13:00+00:00,MGC,4478.4,4478.4,4476.0,4477.0,286.0
2026-01-09T13:14:00+00:00,MGC,4477.5,4477.8,4474.8,4476.1,302.0
2026-01-09T13:15:00+00:00,MGC,4476.1,4476.2,4474.0,4475.4,297.0
2026-01-09T13:16:00+00:00,MGC,4475.2,4477.4,4474.2,4475.6,321.0
2026-01-09T13:17:00+00:00,MGC,4475.5,4477.5,4474.9,4477.3,238.0
2026-01-09T13:18:00+00:00,MGC,4477.2,4477.5,4475.0,4475.0,362.0
2026-01-09T13:19:00+00:00,MGC,4474.9,4475.7,4471.2,4472.2,653.0
2026-01-09T13:20:00+00:00,MGC,4472.2,4477.4,4470.2,4476.2,1034.0
2026-01-09T13:21:00+00:00,MGC,4476.1,4478.8,4475.2,4478.3,501.0
2026-01-09T13:22:00+00:00,MGC,4478.3,4480.8,4477.8,4479.2,488.0
2026-01-09T13:23:00+00:00,MGC,4479.1,4480.4,4478.4,4480.4,444.0
2026-01-09T13:24:00+00:00,MGC,4480.3,4482.3,4480.0,4480.8,516.0
2026-01-09T13:25:00+00:00,MGC,4481.1,4483.2,4479.8,4483.1,482.0
2026-01-09T13:26:00+00:00,MGC,4483.1,4483.1,4481.0,4481.4,259.0
2026-01-09T13:27:00+00:00,MGC,4481.4,4482.5,4480.8,4481.9,195.0
2026-01-09T13:28:00+00:00,MGC,4481.8,4482.7,4479.1,4479.1,386.0
2026-01-09T13:29:00+00:00,MGC,4479.3,4482.0,4479.0,4482.0,220.0
2026-01-09T13:30:00+00:00,MGC,4482.0,4483.6,4466.9,4480.0,1943.0
2026-01-09T13:31:00+00:00,MGC,4479.2,4488.3,4479.1,4486.0,1598.0
2026-01-09T13:32:00+00:00,MGC,4486.2,4496.6,4485.4,4492.1,2780.0
2026-01-09T13:33:00+00:00,MGC,4491.6,4496.0,4491.1,4494.2,1494.0
2026-01-09T13:34:00+00:00,MGC,4494.2,4498.0,4491.3,4496.3,1631.0
2026-01-09T13:35:00+00:00,MGC,4496.5,4498.5,4492.7,4492.7,1507.0
2026-01-09T13:36:00+00:00,MGC,4492.6,4493.0,4488.0,4492.0,1733.0
2026-01-09T13:37:00+00:00,MGC,4491.9,4498.5,4490.5,4497.8,1417.0
2026-01-09T13:38:00+00:00,MGC,4497.7,4498.6,4494.1,4498.2,1131.0
2026-01-09T13:39:00+00:00,MGC,4498.1,4498.2,4495.1,4497.1,811.0
2026-01-09T13:40:00+00:00,MGC,4497.4,4500.9,4495.0,4497.8,2248.0
2026-01-09T13:41:00+00:00,MGC,4498.3,4498.4,4492.4,4494.7,1354.0
2026-01-09T13:42:00+00:00,MGC,4494.6,4497.4,4492.4,4496.4,790.0
2026-01-09T13:43:00+00:00,MGC,4496.8,4497.9,4494.9,4496.9,519.0
2026-01-09T13:44:00+00:00,MGC,4497.0,4498.3,4495.1,4495.9,701.0
2026-01-09T13:45:00+00:00,MGC,4496.1,4497.7,4494.1,4496.0,615.0
2026-01-09T13:46:00+00:00,MGC,4495.9,4498.3,4493.9,4496.5,653.0
2026-01-09T13:47:00+00:00,MGC,4497.0,4497.2,4493.2,4493.5,506.0
2026-01-09T13:48:00+00:00,MGC,4493.6,4493.8,4490.6,4491.8,827.0
2026-01-09T13:49:00+00:00,MGC,4492.1,4494.2,4491.4,4492.5,460.0
2026-01-09T13:50:00+00:00,MGC,4492.5,4492.5,4487.8,4488.9,1191.0
2026-01-09T13:51:00+00:00,MGC,4488.9,4491.6,4488.5,4488.9,890.0
2026-01-09T13:52:00+00:00,MGC,4488.9,4493.4,4487.8,4493.1,756.0
2026-01-09T13:53:00+00:00,MGC,4493.3,4494.0,4488.7,4489.7,614.0
2026-01-09T13:54:00+00:00,MGC,4489.6,4492.7,4489.6,4491.7,507.0
2026-01-09T13:55:00+00:00,MGC,4491.9,4493.8,4490.8,4493.7,469.0
2026-01-09T13:56:00+00:00,MGC,4493.6,4494.4,4491.3,4494.0,507.0
2026-01-09T13:57:00+00:00,MGC,4494.1,4494.4,4491.9,4492.8,463.0
2026-01-09T13:58:00+00:00,MGC,4492.7,4492.7,4489.2,4490.8,534.0
2026-01-09T13:59:00+00:00,MGC,4490.9,4492.1,4489.1,4492.1,379.0
2026-01-09T14:00:00+00:00,MGC,4492.0,4495.7,4490.1,4495.2,1147.0
2026-01-09T14:01:00+00:00,MGC,4495.2,4497.7,4494.8,4495.8,901.0
2026-01-09T14:02:00+00:00,MGC,4495.9,4497.4,4495.8,4496.7,471.0
2026-01-09T14:03:00+00:00,MGC,4496.6,4497.1,4494.1,4494.6,654.0
2026-01-09T14:04:00+00:00,MGC,4494.9,4496.0,4493.6,4494.8,368.0
2026-01-09T14:05:00+00:00,MGC,4494.8,4495.2,4490.4,4490.5,753.0
2026-01-09T14:06:00+00:00,MGC,4490.8,4494.5,4489.7,4492.2,757.0
2026-01-09T14:07:00+00:00,MGC,4492.3,4496.2,4492.3,4495.0,599.0
2026-01-09T14:08:00+00:00,MGC,4494.8,4495.7,4492.1,4492.6,503.0
2026-01-09T14:09:00+00:00,MGC,4492.4,4496.5,4492.2,4496.4,462.0
2026-01-09T14:10:00+00:00,MGC,4496.2,4503.0,4495.3,4502.7,2059.0
2026-01-09T14:11:00+00:00,MGC,4502.9,4506.1,4502.4,4504.0,1720.0
2026-01-09T14:12:00+00:00,MGC,4503.7,4504.1,4502.0,4502.7,1079.0
2026-01-09T14:13:00+00:00,MGC,4502.8,4503.4,4498.9,4500.2,965.0
2026-01-09T14:14:00+00:00,MGC,4500.3,4500.4,4496.2,4498.7,1198.0
2026-01-09T14:15:00+00:00,MGC,4498.9,4502.2,4498.1,4498.4,1032.0
2026-01-09T14:16:00+00:00,MGC,4498.3,4501.2,4497.5,4498.5,602.0
2026-01-09T14:17:00+00:00,MGC,4498.5,4498.6,4495.4,4497.5,719.0
2026-01-09T14:18:00+00:00,MGC,4497.4,4497.4,4493.0,4495.2,960.0
2026-01-09T14:19:00+00:00,MGC,4495.1,4497.7,4494.6,4496.5,584.0
2026-01-09T14:20:00+00:00,MGC,4496.4,4502.6,4496.3,4502.6,964.0
2026-01-09T14:21:00+00:00,MGC,4502.6,4503.1,4501.1,4502.2,639.0
2026-01-09T14:22:00+00:00,MGC,4502.0,4505.1,4501.3,4504.2,885.0
2026-01-09T14:23:00+00:00,MGC,4504.1,4505.1,4502.5,4504.8,690.0
2026-01-09T14:24:00+00:00,MGC,4504.9,4505.5,4503.0,4503.3,703.0
2026-01-09T14:25:00+00:00,MGC,4503.3,4504.8,4502.5,4503.6,613.0
2026-01-09T14:26:00+00:00,MGC,4503.8,4504.8,4503.1,4504.5,479.0
2026-01-09T14:27:00+00:00,MGC,4504.4,4504.9,4502.6,4504.5,409.0
2026-01-09T14:28:00+00:00,MGC,4504.6,4505.0,4502.3,4502.3,454.0
2026-01-09T14:29:00+00:00,MGC,4502.5,4504.4,4500.9,4503.7,586.0
2026-01-09T14:30:00+00:00,MGC,4503.8,4504.2,4496.8,4498.0,2053.0
2026-01-09T14:31:00+00:00,MGC,4498.2,4498.8,4495.5,4498.6,1028.0
2026-01-09T14:32:00+00:00,MGC,4498.4,4499.5,4492.6,4492.9,1171.0
2026-01-09T14:33:00+00:00,MGC,4492.9,4495.8,4491.6,4493.5,1046.0
2026-01-09T14:34:00+00:00,MGC,4493.4,4499.2,4492.9,4498.7,819.0
2026-01-09T14:35:00+00:00,MGC,4498.7,4505.0,4498.3,4503.8,1258.0
2026-01-09T14:36:00+00:00,MGC,4504.0,4507.4,4504.0,4504.3,1681.0
2026-01-09T14:37:00+00:00,MGC,4504.6,4507.1,4504.3,4506.1,734.0
2026-01-09T14:38:00+00:00,MGC,4506.3,4507.9,4504.1,4504.1,914.0
2026-01-09T14:39:00+00:00,MGC,4504.3,4505.6,4503.6,4505.3,506.0
2026-01-09T14:40:00+00:00,MGC,4505.2,4507.5,4502.3,4503.5,922.0
2026-01-09T14:41:00+00:00,MGC,4503.5,4505.9,4502.7,4503.1,701.0
2026-01-09T14:42:00+00:00,MGC,4503.3,4505.0,4501.1,4501.8,633.0
2026-01-09T14:43:00+00:00,MGC,4501.6,4501.6,4497.1,4497.6,1040.0
2026-01-09T14:44:00+00:00,MGC,4497.4,4499.2,4495.4,4497.2,1035.0
2026-01-09T14:45:00+00:00,MGC,4497.0,4498.0,4494.0,4495.9,1069.0
2026-01-09T14:46:00+00:00,MGC,4496.0,4498.4,4494.1,4494.8,1033.0
2026-01-09T14:47:00+00:00,MGC,4494.9,4496.3,4492.0,4493.9,1007.0
2026-01-09T14:48:00+00:00,MGC,4494.0,4497.4,4493.4,4494.7,891.0
2026-01-09T14:49:00+00:00,MGC,4494.5,4494.7,4490.9,4494.1,1092.0
2026-01-09T14:50:00+00:00,MGC,4494.4,4496.1,4489.2,4489.7,1265.0
2026-01-09T14:51:00+00:00,MGC,4489.5,4495.4,4488.0,4495.2,1360.0
2026-01-09T14:52:00+00:00,MGC,4495.2,4498.2,4494.1,4496.9,1101.0
2026-01-09T14:53:00+00:00,MGC,4497.3,4499.0,4495.2,4498.6,786.0
2026-01-09T14:54:00+00:00,MGC,4498.6,4500.5,4498.4,4499.9,888.0
2026-01-09T14:55:00+00:00,MGC,4500.1,4503.0,4500.1,4502.4,1221.0
2026-01-09T14:56:00+00:00,MGC,4502.4,4503.7,4501.2,4503.5,754.0
2026-01-09T14:57:00+00:00,MGC,4503.4,4503.9,4501.0,4501.8,628.0
2026-01-09T14:58:00+00:00,MGC,4501.8,4503.9,4500.3,4503.3,652.0
2026-01-09T14:59:00+00:00,MGC,4503.5,4504.6,4502.5,4503.1,390.0
2026-01-09T15:00:00+00:00,MGC,4504.4,4505.0,4501.5,4503.0,710.0
2026-01-09T15:01:00+00:00,MGC,4503.3,4505.5,4502.2,4502.5,670.0
2026-01-09T15:02:00+00:00,MGC,4502.5,4506.7,4501.4,4504.8,1049.0
2026-01-09T15:03:00+00:00,MGC,4505.1,4507.0,4504.1,4506.8,857.0
2026-01-09T15:04:00+00:00,MGC,4507.0,4509.0,4502.9,4503.2,1375.0
2026-01-09T15:05:00+00:00,MGC,4503.4,4503.7,4499.3,4501.8,1272.0
2026-01-09T15:06:00+00:00,MGC,4501.6,4506.2,4501.6,4503.7,1109.0
2026-01-09T15:07:00+00:00,MGC,4503.7,4506.2,4503.4,4504.5,706.0
2026-01-09T15:08:00+00:00,MGC,4504.7,4508.6,4503.4,4507.8,827.0
2026-01-09T15:09:00+00:00,MGC,4507.9,4510.0,4507.4,4509.3,1044.0
2026-01-09T15:10:00+00:00,MGC,4509.4,4509.5,4505.2,4506.8,866.0
2026-01-09T15:11:00+00:00,MGC,4506.4,4507.3,4502.9,4504.2,873.0
2026-01-09T15:12:00+00:00,MGC,4504.3,4507.2,4503.8,4507.0,565.0
2026-01-09T15:13:00+00:00,MGC,4507.0,4508.8,4506.2,4506.4,561.0
2026-01-09T15:14:00+00:00,MGC,4506.3,4507.9,4505.6,4506.0,391.0
2026-01-09T15:15:00+00:00,MGC,4506.3,4506.9,4504.4,4505.2,499.0
2026-01-09T15:16:00+00:00,MGC,4505.4,4506.1,4503.0,4504.9,591.0
2026-01-09T15:17:00+00:00,MGC,4505.0,4505.2,4502.8,4504.1,511.0
2026-01-09T15:18:00+00:00,MGC,4504.3,4505.8,4502.4,4505.8,457.0
2026-01-09T15:19:00+00:00,MGC,4505.5,4509.2,4504.7,4509.0,656.0
2026-01-09T15:20:00+00:00,MGC,4509.1,4509.4,4505.0,4508.2,606.0
2026-01-09T15:21:00+00:00,MGC,4508.1,4512.9,4508.0,4511.0,2506.0
2026-01-09T15:22:00+00:00,MGC,4511.3,4516.2,4511.3,4516.0,1871.0
2026-01-09T15:23:00+00:00,MGC,4516.0,4518.5,4515.3,4518.2,1249.0
2026-01-09T15:24:00+00:00,MGC,4518.0,4520.9,4518.0,4518.4,1559.0
2026-01-09T15:25:00+00:00,MGC,4518.5,4519.2,4516.3,4516.6,1159.0
2026-01-09T15:26:00+00:00,MGC,4516.8,4520.7,4515.7,4519.7,909.0
2026-01-09T15:27:00+00:00,MGC,4519.8,4520.5,4517.8,4518.3,624.0
2026-01-09T15:28:00+00:00,MGC,4518.3,4518.3,4515.3,4515.9,805.0
2026-01-09T15:29:00+00:00,MGC,4516.1,4516.1,4514.1,4515.4,776.0
2026-01-09T15:30:00+00:00,MGC,4515.3,4519.1,4515.2,4517.6,830.0
2026-01-09T15:31:00+00:00,MGC,4517.6,4522.7,4516.5,4521.2,1153.0
2026-01-09T15:32:00+00:00,MGC,4521.0,4521.6,4518.4,4518.6,716.0
2026-01-09T15:33:00+00:00,MGC,4518.7,4519.7,4517.5,4518.6,433.0
2026-01-09T15:34:00+00:00,MGC,4518.3,4518.9,4515.1,4516.0,530.0
2026-01-09T15:35:00+00:00,MGC,4516.1,4519.9,4515.8,4518.0,510.0
2026-01-09T15:36:00+00:00,MGC,4518.2,4520.5,4518.1,4520.3,379.0
2026-01-09T15:37:00+00:00,MGC,4520.3,4522.6,4519.2,4521.3,687.0
2026-01-09T15:38:00+00:00,MGC,4521.4,4523.2,4521.3,4522.7,783.0
2026-01-09T15:39:00+00:00,MGC,4522.8,4525.3,4522.7,4525.3,1110.0
2026-01-09T15:40:00+00:00,MGC,4525.3,4525.8,4523.1,4523.3,838.0
2026-01-09T15:41:00+00:00,MGC,4523.4,4525.8,4523.1,4525.3,565.0
2026-01-09T15:42:00+00:00,MGC,4525.5,4526.9,4523.2,4523.6,907.0
2026-01-09T15:43:00+00:00,MGC,4523.7,4524.7,4522.7,4523.1,409.0
2026-01-09T15:44:00+00:00,MGC,4523.1,4524.7,4522.7,4524.2,406.0
2026-01-09T15:45:00+00:00,MGC,4524.1,4524.3,4522.5,4523.6,318.0
2026-01-09T15:46:00+00:00,MGC,4523.5,4524.1,4521.3,4521.3,482.0
2026-01-09T15:47:00+00:00,MGC,4521.3,4521.5,4519.1,4520.5,1052.0
2026-01-09T15:48:00+00:00,MGC,4520.2,4520.9,4518.1,4518.5,526.0
2026-01-09T15:49:00+00:00,MGC,4518.5,4520.8,4517.7,4520.5,555.0
2026-01-09T15:50:00+00:00,MGC,4520.6,4524.1,4520.6,4522.8,937.0
2026-01-09T15:51:00+00:00,MGC,4523.0,4524.0,4521.9,4522.6,463.0
2026-01-09T15:52:00+00:00,MGC,4522.4,4522.7,4520.4,4521.0,481.0
2026-01-09T15:53:00+00:00,MGC,4521.1,4521.2,4518.1,4518.9,487.0
2026-01-09T15:54:00+00:00,MGC,4519.0,4521.3,4519.0,4521.2,372.0
2026-01-09T15:55:00+00:00,MGC,4521.2,4522.3,4519.5,4520.2,366.0
2026-01-09T15:56:00+00:00,MGC,4520.2,4521.7,4519.2,4521.3,269.0
2026-01-09T15:57:00+00:00,MGC,4521.4,4523.6,4521.4,4523.1,509.0
2026-01-09T15:58:00+00:00,MGC,4523.3,4523.5,4520.9,4521.0,299.0
2026-01-09T15:59:00+00:00,MGC,4521.0,4522.3,4520.4,4521.7,209.0
2026-01-09T16:00:00+00:00,MGC,4521.7,4523.2,4520.5,4520.7,491.0
2026-01-09T16:01:00+00:00,MGC,4520.9,4523.7,4520.5,4522.0,391.0
2026-01-09T16:02:00+00:00,MGC,4522.2,4523.9,4520.5,4522.7,298.0
2026-01-09T16:03:00+00:00,MGC,4522.9,4523.3,4520.7,4522.0,241.0
2026-01-09T16:04:00+00:00,MGC,4522.0,4522.3,4520.3,4521.2,216.0
2026-01-09T16:05:00+00:00,MGC,4521.5,4522.0,4518.7,4520.0,533.0
2026-01-09T16:06:00+00:00,MGC,4519.8,4519.8,4517.2,4518.5,704.0
2026-01-09T16:07:00+00:00,MGC,4518.4,4518.4,4514.4,4515.8,1028.0
2026-01-09T16:08:00+00:00,MGC,4516.1,4519.9,4515.5,4518.8,613.0
2026-01-09T16:09:00+00:00,MGC,4518.6,4519.1,4517.0,4517.0,355.0
2026-01-09T16:10:00+00:00,MGC,4517.0,4517.8,4515.0,4516.3,426.0
2026-01-09T16:11:00+00:00,MGC,4516.2,4516.2,4510.6,4511.5,1256.0
2026-01-09T16:12:00+00:00,MGC,4511.6,4512.2,4509.5,4509.8,929.0
2026-01-09T16:13:00+00:00,MGC,4509.7,4513.0,4509.5,4512.7,779.0
2026-01-09T16:14:00+00:00,MGC,4512.6,4513.0,4510.0,4512.8,467.0
2026-01-09T16:15:00+00:00,MGC,4512.9,4516.3,4512.3,4516.1,745.0
2026-01-09T16:16:00+00:00,MGC,4516.1,4516.5,4513.5,4514.5,635.0
2026-01-09T16:17:00+00:00,MGC,4514.4,4516.1,4511.5,4511.6,508.0
2026-01-09T16:18:00+00:00,MGC,4511.6,4514.7,4511.6,4514.5,337.0
2026-01-09T16:19:00+00:00,MGC,4514.3,4516.6,4514.3,4516.5,384.0
2026-01-09T16:20:00+00:00,MGC,4516.5,4517.0,4515.1,4515.8,323.0
2026-01-09T16:21:00+00:00,MGC,4515.8,4516.6,4513.7,4515.6,428.0
2026-01-09T16:22:00+00:00,MGC,4515.6,4515.8,4512.9,4513.4,400.0
2026-01-09T16:23:00+00:00,MGC,4513.5,4513.7,4510.6,4511.3,394.0
2026-01-09T16:24:00+00:00,MGC,4511.3,4513.4,4510.2,4512.1,499.0
2026-01-09T16:25:00+00:00,MGC,4512.0,4512.4,4509.8,4511.1,419.0
2026-01-09T16:26:00+00:00,MGC,4511.0,4512.2,4510.1,4511.1,389.0
2026-01-09T16:27:00+00:00,MGC,4511.3,4513.5,4510.6,4513.0,462.0
2026-01-09T16:28:00+00:00,MGC,4512.8,4514.0,4512.4,4513.7,262.0
2026-01-09T16:29:00+00:00,MGC,4513.8,4515.6,4513.4,4513.4,406.0
2026-01-09T16:30:00+00:00,MGC,4513.5,4513.7,4511.3,4512.3,342.0
2026-01-09T16:31:00+00:00,MGC,4512.2,4513.1,4510.6,4511.4,268.0
2026-01-09T16:32:00+00:00,MGC,4511.2,4515.0,4511.1,4514.8,331.0
2026-01-09T16:33:00+00:00,MGC,4514.6,4515.4,4512.6,4512.7,329.0
2026-01-09T16:34:00+00:00,MGC,4512.5,4513.6,4512.3,4513.5,262.0
2026-01-09T16:35:00+00:00,MGC,4513.4,4515.1,4511.7,4515.1,324.0
2026-01-09T16:36:00+00:00,MGC,4514.8,4516.0,4514.3,4515.0,356.0
2026-01-09T16:37:00+00:00,MGC,4515.2,4517.1,4514.8,4516.9,377.0
2026-01-09T16:38:00+00:00,MGC,4517.0,4517.4,4513.9,4515.5,364.0
2026-01-09T16:39:00+00:00,MGC,4515.3,4515.5,4514.1,4515.2,221.0
2026-01-09T16:40:00+00:00,MGC,4515.2,4515.4,4513.3,4514.2,300.0
2026-01-09T16:41:00+00:00,MGC,4514.3,4514.3,4512.5,4513.8,196.0
2026-01-09T16:42:00+00:00,MGC,4513.4,4513.6,4512.0,4512.7,169.0
2026-01-09T16:43:00+00:00,MGC,4512.7,4514.0,4511.3,4513.5,256.0
2026-01-09T16:44:00+00:00,MGC,4513.8,4515.2,4513.0,4514.9,320.0
2026-01-09T16:45:00+00:00,MGC,4514.8,4515.5,4511.9,4512.6,242.0
2026-01-09T16:46:00+00:00,MGC,4512.5,4515.8,4512.4,4514.3,273.0
2026-01-09T16:47:00+00:00,MGC,4514.5,4514.8,4513.5,4513.9,147.0
2026-01-09T16:48:00+00:00,MGC,4513.8,4516.4,4513.3,4516.3,263.0
2026-01-09T16:49:00+00:00,MGC,4516.3,4516.7,4514.9,4515.5,204.0
2026-01-09T16:50:00+00:00,MGC,4515.5,4517.1,4515.5,4517.1,254.0
2026-01-09T16:51:00+00:00,MGC,4517.2,4517.4,4516.2,4516.9,208.0
2026-01-09T16:52:00+00:00,MGC,4516.7,4516.7,4515.1,4516.0,228.0
2026-01-09T16:53:00+00:00,MGC,4516.0,4516.3,4515.0,4515.6,139.0
2026-01-09T16:54:00+00:00,MGC,4515.8,4518.0,4515.2,4517.3,421.0
2026-01-09T16:55:00+00:00,MGC,4517.4,4517.4,4515.7,4516.4,205.0
2026-01-09T16:56:00+00:00,MGC,4516.6,4517.3,4516.1,4516.6,176.0
2026-01-09T16:57:00+00:00,MGC,4516.7,4517.5,4516.2,4516.6,224.0
2026-01-09T16:58:00+00:00,MGC,4516.6,4517.9,4516.5,4517.0,208.0
2026-01-09T16:59:00+00:00,MGC,4516.9,4517.0,4516.1,4516.5,329.0
2026-01-09T17:00:00+00:00,MGC,4516.5,4518.9,4516.5,4518.5,514.0
2026-01-09T17:01:00+00:00,MGC,4518.6,4521.0,4518.6,4519.2,780.0
2026-01-09T17:02:00+00:00,MGC,4519.5,4521.1,4518.2,4520.8,442.0
2026-01-09T17:03:00+00:00,MGC,4520.8,4521.8,4514.5,4514.9,1114.0
2026-01-09T17:04:00+00:00,MGC,4514.8,4517.4,4514.5,4517.0,423.0
2026-01-09T17:05:00+00:00,MGC,4517.2,4517.8,4515.6,4516.3,323.0
2026-01-09T17:06:00+00:00,MGC,4516.5,4519.7,4516.4,4519.2,382.0
2026-01-09T17:07:00+00:00,MGC,4519.3,4520.3,4517.9,4517.9,273.0
2026-01-09T17:08:00+00:00,MGC,4518.1,4518.3,4516.9,4517.3,205.0
2026-01-09T17:09:00+00:00,MGC,4517.3,4518.7,4517.0,4518.7,150.0
2026-01-09T17:10:00+00:00,MGC,4518.7,4520.9,4518.7,4520.5,364.0
2026-01-09T17:11:00+00:00,MGC,4520.5,4520.5,4517.7,4517.8,210.0
2026-01-09T17:12:00+00:00,MGC,4517.9,4518.7,4517.6,4518.5,167.0
2026-01-09T17:13:00+00:00,MGC,4518.4,4519.0,4517.7,4518.9,101.0
2026-01-09T17:14:00+00:00,MGC,4519.0,4519.6,4518.1,4518.8,123.0
2026-01-09T17:15:00+00:00,MGC,4518.8,4518.9,4515.5,4516.5,324.0
2026-01-09T17:16:00+00:00,MGC,4516.5,4516.8,4515.4,4516.0,232.0
2026-01-09T17:17:00+00:00,MGC,4515.9,4516.4,4514.6,4515.9,587.0
2026-01-09T17:18:00+00:00,MGC,4515.8,4516.7,4514.8,4516.1,262.0
2026-01-09T17:19:00+00:00,MGC,4516.1,4517.2,4515.5,4516.4,185.0
2026-01-09T17:20:00+00:00,MGC,4516.5,4516.5,4514.7,4514.7,208.0
2026-01-09T17:21:00+00:00,MGC,4514.7,4515.6,4512.6,4512.9,560.0
2026-01-09T17:22:00+00:00,MGC,4512.8,4514.3,4512.5,4513.8,294.0
2026-01-09T17:23:00+00:00,MGC,4513.5,4513.5,4511.6,4512.7,560.0
2026-01-09T17:24:00+00:00,MGC,4512.7,4515.1,4512.0,4514.9,327.0
2026-01-09T17:25:00+00:00,MGC,4514.9,4515.5,4514.4,4514.8,218.0
2026-01-09T17:26:00+00:00,MGC,4514.7,4514.7,4512.7,4512.8,209.0
2026-01-09T17:27:00+00:00,MGC,4512.8,4514.0,4511.8,4513.4,239.0
2026-01-09T17:28:00+00:00,MGC,4513.5,4513.7,4512.3,4512.7,162.0
2026-01-09T17:29:00+00:00,MGC,4512.6,4513.7,4512.4,4513.3,173.0
2026-01-09T17:30:00+00:00,MGC,4513.4,4515.9,4513.0,4515.7,325.0
2026-01-09T17:31:00+00:00,MGC,4515.6,4517.2,4515.5,4517.1,371.0
2026-01-09T17:32:00+00:00,MGC,4517.1,4517.6,4516.9,4517.6,154.0
2026-01-09T17:33:00+00:00,MGC,4517.8,4519.9,4517.5,4519.7,439.0
2026-01-09T17:34:00+00:00,MGC,4519.7,4520.0,4517.7,4518.0,463.0
2026-01-09T17:35:00+00:00,MGC,4518.3,4518.4,4515.0,4516.2,507.0
2026-01-09T17:36:00+00:00,MGC,4516.3,4516.5,4515.0,4515.4,215.0
2026-01-09T17:37:00+00:00,MGC,4515.4,4517.0,4515.1,4516.0,199.0
2026-01-09T17:38:00+00:00,MGC,4515.9,4517.8,4515.9,4516.8,271.0
2026-01-09T17:39:00+00:00,MGC,4516.6,4517.0,4515.2,4515.7,196.0
2026-01-09T17:40:00+00:00,MGC,4515.6,4515.8,4513.0,4514.0,474.0
2026-01-09T17:41:00+00:00,MGC,4513.8,4515.0,4512.6,4514.8,259.0
2026-01-09T17:42:00+00:00,MGC,4515.0,4515.1,4512.3,4512.3,315.0
2026-01-09T17:43:00+00:00,MGC,4512.2,4512.8,4511.2,4511.4,364.0
2026-01-09T17:44:00+00:00,MGC,4511.5,4512.5,4510.9,4511.5,332.0
2026-01-09T17:45:00+00:00,MGC,4511.7,4511.8,4510.2,4511.0,479.0
2026-01-09T17:46:00+00:00,MGC,4511.0,4512.1,4510.0,4512.1,288.0
2026-01-09T17:47:00+00:00,MGC,4511.9,4513.1,4510.7,4511.0,342.0
2026-01-09T17:48:00+00:00,MGC,4511.0,4511.4,4507.2,4507.3,727.0
2026-01-09T17:49:00+00:00,MGC,4507.1,4507.8,4506.4,4507.4,716.0
2026-01-09T17:50:00+00:00,MGC,4507.5,4508.6,4506.3,4506.8,490.0
2026-01-09T17:51:00+00:00,MGC,4507.1,4507.2,4503.5,4504.3,1019.0
2026-01-09T17:52:00+00:00,MGC,4504.0,4505.1,4503.0,4503.4,651.0
2026-01-09T17:53:00+00:00,MGC,4503.7,4504.4,4498.0,4499.0,1702.0
2026-01-09T17:54:00+00:00,MGC,4498.9,4499.0,4495.0,4497.2,1357.0
2026-01-09T17:55:00+00:00,MGC,4497.2,4498.1,4496.0,4496.7,542.0
2026-01-09T17:56:00+00:00,MGC,4496.5,4497.1,4491.3,4492.5,1465.0
2026-01-09T17:57:00+00:00,MGC,4492.5,4496.2,4491.8,4496.1,878.0
2026-01-09T17:58:00+00:00,MGC,4496.0,4498.2,4496.0,4496.3,972.0
2026-01-09T17:59:00+00:00,MGC,4496.5,4496.5,4493.2,4493.8,704.0
2026-01-09T18:00:00+00:00,MGC,4493.7,4497.3,4492.2,4497.0,964.0
2026-01-09T18:01:00+00:00,MGC,4496.9,4497.9,4494.1,4495.2,631.0
2026-01-09T18:02:00+00:00,MGC,4495.4,4496.5,4493.4,4494.3,368.0
2026-01-09T18:03:00+00:00,MGC,4494.2,4496.1,4493.5,4493.8,392.0
2026-01-09T18:04:00+00:00,MGC,4493.9,4497.3,4493.9,4495.3,294.0
2026-01-09T18:05:00+00:00,MGC,4495.5,4500.6,4495.0,4500.0,909.0
2026-01-09T18:06:00+00:00,MGC,4500.2,4500.5,4499.0,4499.8,405.0
2026-01-09T18:07:00+00:00,MGC,4499.8,4500.8,4498.2,4499.5,389.0
2026-01-09T18:08:00+00:00,MGC,4499.4,4502.6,4499.1,4501.4,839.0
2026-01-09T18:09:00+00:00,MGC,4501.3,4501.8,4497.9,4498.0,509.0
2026-01-09T18:10:00+00:00,MGC,4498.2,4499.9,4497.1,4499.8,439.0
2026-01-09T18:11:00+00:00,MGC,4499.7,4499.9,4498.5,4498.8,290.0
2026-01-09T18:12:00+00:00,MGC,4498.8,4501.8,4498.7,4501.1,343.0
2026-01-09T18:13:00+00:00,MGC,4501.4,4501.5,4500.2,4500.9,267.0
2026-01-09T18:14:00+00:00,MGC,4500.8,4502.2,4500.5,4501.9,337.0
2026-01-09T18:15:00+00:00,MGC,4501.9,4502.7,4501.1,4502.0,361.0
2026-01-09T18:16:00+00:00,MGC,4502.1,4502.4,4500.3,4501.2,325.0
2026-01-09T18:17:00+00:00,MGC,4501.2,4503.5,4501.0,4503.2,282.0
2026-01-09T18:18:00+00:00,MGC,4503.2,4503.2,4500.2,4500.2,404.0
2026-01-09T18:19:00+00:00,MGC,4500.5,4501.4,4499.5,4500.8,388.0
2026-01-09T18:20:00+00:00,MGC,4501.0,4501.9,4498.6,4499.5,419.0
2026-01-09T18:21:00+00:00,MGC,4499.5,4502.6,4499.2,4502.6,384.0
2026-01-09T18:22:00+00:00,MGC,4502.5,4504.0,4502.1,4502.7,596.0
2026-01-09T18:23:00+00:00,MGC,4502.8,4502.8,4501.3,4501.9,234.0
2026-01-09T18:24:00+00:00,MGC,4502.0,4502.5,4499.4,4501.5,594.0
2026-01-09T18:25:00+00:00,MGC,4501.6,4503.3,4500.9,4501.3,251.0
2026-01-09T18:26:00+00:00,MGC,4501.4,4501.9,4500.1,4500.5,254.0
2026-01-09T18:27:00+00:00,MGC,4500.5,4501.6,4499.4,4500.3,310.0
2026-01-09T18:28:00+00:00,MGC,4500.5,4500.7,4499.1,4500.1,403.0
2026-01-09T18:29:00+00:00,MGC,4500.5,4501.8,4499.5,4500.9,797.0
2026-01-09T18:30:00+00:00,MGC,4500.9,4506.2,4500.6,4505.8,792.0
2026-01-09T18:31:00+00:00,MGC,4505.7,4507.2,4505.6,4506.3,655.0
2026-01-09T18:32:00+00:00,MGC,4506.2,4508.3,4506.1,4508.0,372.0
2026-01-09T18:33:00+00:00,MGC,4508.0,4509.5,4507.4,4509.1,639.0
2026-01-09T18:34:00+00:00,MGC,4509.1,4510.9,4509.0,4510.4,464.0
2026-01-09T18:35:00+00:00,MGC,4510.4,4512.0,4510.3,4511.3,509.0
2026-01-09T18:36:00+00:00,MGC,4511.2,4512.2,4511.0,4512.0,377.0
2026-01-09T18:37:00+00:00,MGC,4511.9,4513.8,4511.6,4512.9,565.0
2026-01-09T18:38:00+00:00,MGC,4513.1,4513.1,4511.0,4512.1,502.0
2026-01-09T18:39:00+00:00,MGC,4512.2,4513.4,4511.3,4513.2,361.0
2026-01-09T18:40:00+00:00,MGC,4513.2,4514.3,4512.7,4513.1,270.0
2026-01-09T18:41:00+00:00,MGC,4513.2,4513.8,4511.5,4512.4,228.0
2026-01-09T18:42:00+00:00,MGC,4512.7,4513.5,4512.3,4512.8,233.0
2026-01-09T18:43:00+00:00,MGC,4512.6,4513.0,4511.3,4511.6,174.0
2026-01-09T18:44:00+00:00,MGC,4511.6,4511.9,4510.6,4511.8,288.0
2026-01-09T18:45:00+00:00,MGC,4511.9,4512.3,4508.2,4508.3,852.0
2026-01-09T18:46:00+00:00,MGC,4508.3,4509.6,4507.5,4507.6,615.0
2026-01-09T18:47:00+00:00,MGC,4507.8,4508.3,4506.1,4507.5,456.0
2026-01-09T18:48:00+00:00,MGC,4507.4,4508.8,4507.3,4508.2,221.0
2026-01-09T18:49:00+00:00,MGC,4508.3,4508.5,4507.0,4508.2,208.0
2026-01-09T18:50:00+00:00,MGC,4508.4,4508.4,4505.3,4506.1,413.0
2026-01-09T18:51:00+00:00,MGC,4506.0,4507.1,4505.0,4505.6,404.0
2026-01-09T18:52:00+00:00,MGC,4505.8,4507.2,4505.6,4506.8,142.0
2026-01-09T18:53:00+00:00,MGC,4506.7,4506.7,4505.0,4505.3,222.0
2026-01-09T18:54:00+00:00,MGC,4505.2,4506.6,4504.8,4506.5,253.0
2026-01-09T18:55:00+00:00,MGC,4506.4,4506.5,4505.3,4505.6,144.0
2026-01-09T18:56:00+00:00,MGC,4505.4,4505.8,4504.9,4505.8,140.0
2026-01-09T18:57:00+00:00,MGC,4506.1,4508.3,4506.1,4506.9,432.0
2026-01-09T18:58:00+00:00,MGC,4506.9,4506.9,4505.5,4506.1,180.0
2026-01-09T18:59:00+00:00,MGC,4506.2,4506.8,4504.8,4505.8,300.0
2026-01-09T19:00:00+00:00,MGC,4505.8,4507.8,4505.8,4507.0,287.0
2026-01-09T19:01:00+00:00,MGC,4506.9,4507.6,4506.4,4506.6,94.0
2026-01-09T19:02:00+00:00,MGC,4506.8,4507.2,4505.4,4505.7,146.0
2026-01-09T19:03:00+00:00,MGC,4505.6,4507.0,4505.6,4506.3,99.0
2026-01-09T19:04:00+00:00,MGC,4506.0,4506.2,4503.5,4504.0,441.0
2026-01-09T19:05:00+00:00,MGC,4504.1,4505.2,4503.4,4504.4,339.0
2026-01-09T19:06:00+00:00,MGC,4504.3,4504.9,4502.3,4502.6,271.0
2026-01-09T19:07:00+00:00,MGC,4502.6,4504.8,4502.6,4504.5,192.0
2026-01-09T19:08:00+00:00,MGC,4504.4,4504.7,4502.7,4503.2,171.0
2026-01-09T19:09:00+00:00,MGC,4503.0,4503.7,4502.7,4503.7,92.0
2026-01-09T19:10:00+00:00,MGC,4504.0,4504.0,4503.7,4503.8,6.0
2026-01-09T19:11:00+00:00,MGC,4504.2,4505.3,4504.2,4505.3,48.0
2026-01-09T19:12:00+00:00,MGC,4505.8,4506.0,4505.5,4505.5,24.0
2026-01-09T19:13:00+00:00,MGC,4505.8,4505.8,4505.8,4505.8,1.0
2026-01-09T19:14:00+00:00,MGC,4507.1,4507.2,4507.0,4507.1,17.0
2026-01-09T19:15:00+00:00,MGC,4506.6,4506.7,4506.3,4506.7,8.0
2026-01-09T19:16:00+00:00,MGC,4508.1,4508.5,4508.0,4508.5,22.0
2026-01-09T19:17:00+00:00,MGC,4508.3,4508.3,4508.1,4508.1,3.0
2026-01-09T19:18:00+00:00,MGC,4509.0,4509.0,4508.9,4509.0,4.0
2026-01-09T19:19:00+00:00,MGC,4508.5,4508.5,4508.3,4508.4,8.0
2026-01-09T19:20:00+00:00,MGC,4507.5,4507.7,4507.5,4507.7,12.0
2026-01-09T19:21:00+00:00,MGC,4507.8,4507.8,4507.8,4507.8,2.0
2026-01-12T06:20:00+00:00,MGC,4583.9,4584.9,4583.5,4584.2,187.0
2026-01-12T06:21:00+00:00,MGC,4584.1,4585.8,4583.8,4585.6,276.0
2026-01-12T06:22:00+00:00,MGC,4585.8,4586.6,4585.5,4586.2,166.0
2026-01-12T06:23:00+00:00,MGC,4586.2,4586.6,4585.8,4586.4,119.0
2026-01-12T06:24:00+00:00,MGC,4586.5,4586.6,4585.2,4586.1,148.0
2026-01-12T06:25:00+00:00,MGC,4586.1,4587.4,4585.8,4587.3,177.0
2026-01-12T06:26:00+00:00,MGC,4587.4,4587.5,4586.5,4587.3,183.0
2026-01-12T06:27:00+00:00,MGC,4587.3,4587.4,4586.2,4587.0,104.0
2026-01-12T06:28:00+00:00,MGC,4587.0,4587.4,4585.8,4586.7,168.0
2026-01-12T06:29:00+00:00,MGC,4586.6,4586.8,4584.6,4585.1,176.0
2026-01-12T06:30:00+00:00,MGC,4585.2,4586.3,4585.0,4586.2,116.0
2026-01-12T06:31:00+00:00,MGC,4586.2,4587.2,4585.4,4585.5,203.0
2026-01-12T06:32:00+00:00,MGC,4585.9,4586.1,4585.2,4586.1,81.0
2026-01-12T06:33:00+00:00,MGC,4585.9,4586.7,4585.8,4586.4,112.0
2026-01-12T06:34:00+00:00,MGC,4586.0,4587.2,4585.8,4586.3,120.0
2026-01-12T06:35:00+00:00,MGC,4586.3,4587.7,4585.1,4585.7,351.0
2026-01-12T06:36:00+00:00,MGC,4585.7,4587.2,4585.7,4586.0,118.0
2026-01-12T06:37:00+00:00,MGC,4585.9,4586.1,4584.3,4585.2,144.0
2026-01-12T06:38:00+00:00,MGC,4585.3,4586.5,4585.1,4585.2,126.0
2026-01-12T06:39:00+00:00,MGC,4585.4,4585.5,4583.7,4584.9,242.0
2026-01-12T06:40:00+00:00,MGC,4584.5,4585.4,4583.8,4584.1,205.0
2026-01-12T06:41:00+00:00,MGC,4583.7,4584.3,4583.1,4584.0,202.0
2026-01-12T06:42:00+00:00,MGC,4583.9,4586.0,4583.8,4585.9,207.0
2026-01-12T06:43:00+00:00,MGC,4585.8,4586.3,4585.0,4586.3,144.0
2026-01-12T06:44:00+00:00,MGC,4586.4,4588.0,4585.6,4585.9,398.0
2026-01-12T06:45:00+00:00,MGC,4585.6,4586.0,4585.0,4585.8,112.0
2026-01-12T06:46:00+00:00,MGC,4585.6,4586.5,4585.4,4586.3,140.0
2026-01-12T06:47:00+00:00,MGC,4586.0,4586.8,4585.8,4586.1,130.0
2026-01-12T06:48:00+00:00,MGC,4586.3,4587.4,4585.4,4585.8,232.0
2026-01-12T06:49:00+00:00,MGC,4585.7,4586.2,4585.4,4585.7,105.0
2026-01-12T06:50:00+00:00,MGC,4585.7,4587.6,4585.4,4587.4,198.0
2026-01-12T06:51:00+00:00,MGC,4587.3,4588.3,4587.1,4587.2,197.0
2026-01-12T06:52:00+00:00,MGC,4587.2,4590.0,4587.2,4588.7,358.0
2026-01-12T06:53:00+00:00,MGC,4588.7,4591.0,4588.7,4590.9,305.0
2026-01-12T06:54:00+00:00,MGC,4590.9,4591.0,4589.2,4590.0,217.0
2026-01-12T06:55:00+00:00,MGC,4590.2,4590.4,4589.0,4589.2,228.0
2026-01-12T06:56:00+00:00,MGC,4589.4,4590.5,4589.2,4589.9,200.0
2026-01-12T06:57:00+00:00,MGC,4590.2,4590.2,4588.8,4589.1,115.0
2026-01-12T06:58:00+00:00,MGC,4588.8,4589.2,4588.7,4589.2,71.0
2026-01-12T06:59:00+00:00,MGC,4588.9,4589.5,4588.2,4589.5,146.0
2026-01-12T07:00:00+00:00,MGC,4589.6,4590.3,4587.8,4588.1,328.0
2026-01-12T07:01:00+00:00,MGC,4588.0,4588.3,4585.2,4586.7,538.0
2026-01-12T07:02:00+00:00,MGC,4586.8,4587.1,4586.0,4587.0,203.0
2026-01-12T07:03:00+00:00,MGC,4587.0,4588.0,4586.8,4587.7,161.0
2026-01-12T07:04:00+00:00,MGC,4587.6,4588.5,4586.9,4587.1,149.0
2026-01-12T07:05:00+00:00,MGC,4587.3,4587.8,4586.3,4587.3,146.0
2026-01-12T07:06:00+00:00,MGC,4587.4,4589.9,4586.9,4589.6,246.0
2026-01-12T07:07:00+00:00,MGC,4589.7,4590.1,4588.3,4589.3,222.0
2026-01-12T07:08:00+00:00,MGC,4589.3,4592.0,4589.2,4591.8,286.0
2026-01-12T07:09:00+00:00,MGC,4591.9,4593.8,4591.9,4592.9,358.0
2026-01-12T07:10:00+00:00,MGC,4593.1,4594.5,4592.6,4594.2,334.0
2026-01-12T07:11:00+00:00,MGC,4594.2,4594.3,4592.8,4593.1,285.0
2026-01-12T07:12:00+00:00,MGC,4593.1,4594.5,4592.0,4594.0,417.0
2026-01-12T07:13:00+00:00,MGC,4594.1,4594.4,4592.7,4592.9,269.0
2026-01-12T07:14:00+00:00,MGC,4592.8,4594.8,4592.6,4594.1,260.0
2026-01-12T07:15:00+00:00,MGC,4594.2,4596.1,4594.1,4595.5,569.0
2026-01-12T07:16:00+00:00,MGC,4595.4,4596.8,4594.9,4594.9,321.0
2026-01-12T07:17:00+00:00,MGC,4594.8,4596.3,4594.3,4595.8,308.0
2026-01-12T07:18:00+00:00,MGC,4595.9,4595.9,4593.6,4595.0,388.0
2026-01-12T07:19:00+00:00,MGC,4595.1,4596.6,4594.2,4596.5,194.0
2026-01-12T07:20:00+00:00,MGC,4596.5,4597.3,4595.7,4596.6,336.0
2026-01-12T07:21:00+00:00,MGC,4596.5,4596.5,4595.4,4595.9,159.0
2026-01-12T07:22:00+00:00,MGC,4595.8,4598.2,4595.7,4596.7,447.0
2026-01-12T07:23:00+00:00,MGC,4596.8,4597.5,4596.3,4597.5,192.0
2026-01-12T07:24:00+00:00,MGC,4597.4,4598.6,4594.5,4594.5,601.0
2026-01-12T07:25:00+00:00,MGC,4594.6,4595.7,4593.9,4594.3,436.0
2026-01-12T07:26:00+00:00,MGC,4594.4,4594.8,4592.2,4592.6,591.0
2026-01-12T07:27:00+00:00,MGC,4592.4,4592.6,4590.4,4591.0,595.0
2026-01-12T07:28:00+00:00,MGC,4590.9,4591.8,4589.2,4591.1,586.0
2026-01-12T07:29:00+00:00,MGC,4591.2,4592.3,4590.5,4591.7,261.0
2026-01-12T07:30:00+00:00,MGC,4591.9,4592.7,4591.7,4591.7,216.0
2026-01-12T07:31:00+00:00,MGC,4592.0,4592.9,4591.5,4592.3,211.0
2026-01-12T07:32:00+00:00,MGC,4592.2,4592.4,4590.7,4590.9,355.0
2026-01-12T07:33:00+00:00,MGC,4590.8,4591.6,4590.0,4591.1,352.0
2026-01-12T07:34:00+00:00,MGC,4591.0,4591.6,4590.1,4591.1,183.0
2026-01-12T07:35:00+00:00,MGC,4590.9,4591.3,4589.2,4590.7,351.0
2026-01-12T07:36:00+00:00,MGC,4590.7,4593.5,4590.5,4593.0,321.0
2026-01-12T07:37:00+00:00,MGC,4592.9,4595.0,4592.4,4594.7,421.0
2026-01-12T07:38:00+00:00,MGC,4594.7,4595.4,4594.5,4595.0,207.0
2026-01-12T07:39:00+00:00,MGC,4594.8,4595.9,4594.7,4595.0,227.0
2026-01-12T07:40:00+00:00,MGC,4594.7,4594.8,4591.0,4591.6,567.0
2026-01-12T07:41:00+00:00,MGC,4591.6,4592.4,4591.0,4591.5,285.0
2026-01-12T07:42:00+00:00,MGC,4591.6,4592.4,4590.8,4591.5,229.0
2026-01-12T07:43:00+00:00,MGC,4591.3,4593.8,4590.9,4593.5,242.0
2026-01-12T07:44:00+00:00,MGC,4593.7,4594.5,4593.4,4594.1,149.0
2026-01-12T07:45:00+00:00,MGC,4594.1,4595.3,4594.1,4595.0,168.0
2026-01-12T07:46:00+00:00,MGC,4595.0,4596.0,4593.5,4593.9,315.0
2026-01-12T07:47:00+00:00,MGC,4594.2,4595.9,4594.2,4594.9,237.0
2026-01-12T07:48:00+00:00,MGC,4595.0,4596.0,4594.9,4595.2,289.0
2026-01-12T07:49:00+00:00,MGC,4595.1,4595.8,4594.9,4595.7,154.0
2026-01-12T07:50:00+00:00,MGC,4595.7,4596.0,4594.5,4594.6,170.0
2026-01-12T07:51:00+00:00,MGC,4594.5,4595.7,4594.5,4595.5,161.0
2026-01-12T07:52:00+00:00,MGC,4595.4,4597.2,4595.3,4597.0,231.0
2026-01-12T07:53:00+00:00,MGC,4597.1,4597.3,4596.0,4596.4,223.0
2026-01-12T07:54:00+00:00,MGC,4596.6,4597.5,4596.0,4596.3,185.0
2026-01-12T07:55:00+00:00,MGC,4596.3,4597.1,4596.1,4597.1,142.0
2026-01-12T07:56:00+00:00,MGC,4597.1,4597.5,4596.4,4597.0,180.0
2026-01-12T07:57:00+00:00,MGC,4597.0,4599.4,4595.3,4599.2,901.0
2026-01-12T07:58:00+00:00,MGC,4599.2,4599.9,4598.8,4599.2,427.0
2026-01-12T07:59:00+00:00,MGC,4599.3,4599.3,4597.5,4597.6,246.0
2026-01-12T08:00:00+00:00,MGC,4597.7,4598.0,4595.0,4595.7,444.0
2026-01-12T08:01:00+00:00,MGC,4595.8,4598.4,4595.7,4598.2,337.0
2026-01-12T08:02:00+00:00,MGC,4598.4,4598.6,4597.2,4598.3,200.0
2026-01-12T08:03:00+00:00,MGC,4598.1,4599.8,4598.1,4599.6,329.0
2026-01-12T08:04:00+00:00,MGC,4599.1,4599.1,4596.8,4597.3,186.0
2026-01-12T08:05:00+00:00,MGC,4597.5,4597.7,4596.3,4596.7,368.0
2026-01-12T08:06:00+00:00,MGC,4596.6,4598.4,4596.1,4597.5,236.0
2026-01-12T08:07:00+00:00,MGC,4597.5,4597.7,4595.3,4596.4,205.0
2026-01-12T08:08:00+00:00,MGC,4596.2,4596.3,4595.0,4595.1,166.0
2026-01-12T08:09:00+00:00,MGC,4595.1,4595.2,4593.6,4593.8,507.0
2026-01-12T08:10:00+00:00,MGC,4593.6,4595.6,4593.0,4595.1,333.0
2026-01-12T08:11:00+00:00,MGC,4595.4,4595.6,4594.3,4594.9,114.0
2026-01-12T08:12:00+00:00,MGC,4595.0,4596.1,4594.3,4594.3,185.0
2026-01-12T08:13:00+00:00,MGC,4594.6,4595.1,4592.5,4592.7,266.0
2026-01-12T08:14:00+00:00,MGC,4592.5,4593.6,4592.0,4593.5,289.0
2026-01-12T08:15:00+00:00,MGC,4593.5,4593.6,4592.2,4592.4,312.0
2026-01-12T08:16:00+00:00,MGC,4592.5,4593.1,4589.7,4590.0,850.0
2026-01-12T08:17:00+00:00,MGC,4590.0,4592.4,4590.0,4591.5,581.0
2026-01-12T08:18:00+00:00,MGC,4591.3,4594.0,4590.8,4593.5,393.0
2026-01-12T08:19:00+00:00,MGC,4593.3,4593.9,4592.3,4593.7,190.0
2026-01-12T08:20:00+00:00,MGC,4593.8,4594.5,4592.2,4592.2,264.0
2026-01-12T08:21:00+00:00,MGC,4592.1,4593.3,4590.4,4592.3,444.0
2026-01-12T08:22:00+00:00,MGC,4592.4,4592.4,4591.0,4591.9,312.0
2026-01-12T08:23:00+00:00,MGC,4592.2,4593.1,4591.7,4592.6,166.0
2026-01-12T08:24:00+00:00,MGC,4592.9,4593.1,4592.5,4592.8,88.0
2026-01-12T08:25:00+00:00,MGC,4593.0,4594.6,4593.0,4593.4,288.0
2026-01-12T08:26:00+00:00,MGC,4593.4,4594.3,4593.0,4594.3,254.0
2026-01-12T08:27:00+00:00,MGC,4594.2,4594.6,4591.7,4592.2,340.0
2026-01-12T08:28:00+00:00,MGC,4592.3,4593.6,4591.5,4593.4,256.0
2026-01-12T08:29:00+00:00,MGC,4593.6,4594.6,4593.2,4593.8,266.0
2026-01-12T08:30:00+00:00,MGC,4594.0,4594.1,4592.0,4592.2,222.0
2026-01-12T08:31:00+00:00,MGC,4592.2,4594.7,4592.1,4593.7,230.0
2026-01-12T08:32:00+00:00,MGC,4593.6,4594.2,4592.9,4593.2,171.0
2026-01-12T08:33:00+00:00,MGC,4593.4,4593.7,4592.9,4593.1,124.0
2026-01-12T08:34:00+00:00,MGC,4593.2,4594.1,4593.2,4593.7,74.0
2026-01-12T08:35:00+00:00,MGC,4593.6,4594.9,4593.3,4593.7,138.0
2026-01-12T08:36:00+00:00,MGC,4593.9,4595.0,4593.6,4594.9,62.0
2026-01-12T08:37:00+00:00,MGC,4594.9,4596.4,4594.7,4596.3,170.0
2026-01-12T08:38:00+00:00,MGC,4596.3,4599.7,4596.2,4599.5,647.0
2026-01-12T08:39:00+00:00,MGC,4599.6,4600.0,4596.3,4597.2,558.0
2026-01-12T08:40:00+00:00,MGC,4597.1,4598.4,4596.9,4597.6,215.0
2026-01-12T08:41:00+00:00,MGC,4597.7,4597.8,4596.9,4597.6,171.0
2026-01-12T08:42:00+00:00,MGC,4597.6,4598.8,4597.6,4598.2,278.0
2026-01-12T08:43:00+00:00,MGC,4598.3,4598.6,4596.8,4597.0,297.0
2026-01-12T08:44:00+00:00,MGC,4597.1,4597.7,4595.7,4595.7,285.0
2026-01-12T08:45:00+00:00,MGC,4595.6,4596.5,4595.0,4596.5,289.0
2026-01-12T08:46:00+00:00,MGC,4596.2,4599.0,4596.2,4598.9,226.0
2026-01-12T08:47:00+00:00,MGC,4598.8,4603.3,4598.7,4603.0,1076.0
2026-01-12T08:48:00+00:00,MGC,4603.0,4604.2,4602.8,4603.1,712.0
2026-01-12T08:49:00+00:00,MGC,4603.2,4605.3,4602.4,4604.2,658.0
2026-01-12T08:50:00+00:00,MGC,4604.2,4606.0,4603.6,4605.9,479.0
2026-01-12T08:51:00+00:00,MGC,4606.0,4608.2,4606.0,4607.9,536.0
2026-01-12T08:52:00+00:00,MGC,4607.7,4608.4,4606.1,4607.8,643.0
2026-01-12T08:53:00+00:00,MGC,4607.8,4608.4,4606.0,4606.0,338.0
2026-01-12T08:54:00+00:00,MGC,4606.1,4606.5,4605.4,4606.3,298.0
2026-01-12T08:55:00+00:00,MGC,4606.4,4607.8,4605.2,4605.5,324.0
2026-01-12T08:56:00+00:00,MGC,4605.4,4607.6,4604.4,4606.8,414.0
2026-01-12T08:57:00+00:00,MGC,4606.9,4608.1,4606.4,4606.5,329.0
2026-01-12T08:58:00+00:00,MGC,4606.5,4607.2,4606.3,4606.8,151.0
2026-01-12T08:59:00+00:00,MGC,4606.7,4607.4,4605.7,4606.9,178.0
2026-01-12T09:00:00+00:00,MGC,4607.0,4607.8,4605.5,4606.5,372.0
2026-01-12T09:01:00+00:00,MGC,4606.6,4606.9,4603.2,4604.4,405.0
2026-01-12T09:02:00+00:00,MGC,4604.5,4605.3,4604.1,4604.5,201.0
2026-01-12T09:03:00+00:00,MGC,4604.7,4607.1,4604.3,4606.6,309.0
2026-01-12T09:04:00+00:00,MGC,4606.8,4607.4,4604.5,4604.5,506.0
2026-01-12T09:05:00+00:00,MGC,4604.7,4605.5,4603.8,4604.3,288.0
2026-01-12T09:06:00+00:00,MGC,4604.6,4605.1,4603.6,4603.6,173.0
2026-01-12T09:07:00+00:00,MGC,4603.5,4605.2,4603.5,4604.1,150.0
2026-01-12T09:08:00+00:00,MGC,4604.2,4604.5,4603.5,4604.5,127.0
2026-01-12T09:09:00+00:00,MGC,4604.6,4606.1,4604.6,4605.1,243.0
2026-01-12T09:10:00+00:00,MGC,4605.4,4607.7,4605.2,4607.5,224.0
2026-01-12T09:11:00+00:00,MGC,4607.5,4607.9,4606.0,4606.4,205.0
2026-01-12T09:12:00+00:00,MGC,4606.5,4607.2,4605.6,4606.1,182.0
2026-01-12T09:13:00+00:00,MGC,4605.9,4608.2,4605.8,4607.8,335.0
2026-01-12T09:14:00+00:00,MGC,4608.0,4608.4,4606.8,4607.6,161.0
2026-01-12T09:15:00+00:00,MGC,4607.5,4607.7,4606.6,4607.5,173.0
2026-01-12T09:16:00+00:00,MGC,4607.5,4608.4,4607.3,4608.0,224.0
2026-01-12T09:17:00+00:00,MGC,4608.1,4608.6,4606.6,4607.0,245.0
2026-01-12T09:18:00+00:00,MGC,4607.1,4607.6,4606.8,4607.4,102.0
2026-01-12T09:19:00+00:00,MGC,4607.4,4607.6,4606.7,4606.9,103.0
2026-01-12T09:20:00+00:00,MGC,4607.0,4607.2,4605.7,4606.5,297.0
2026-01-12T09:21:00+00:00,MGC,4606.7,4607.8,4604.4,4607.8,400.0
2026-01-12T09:22:00+00:00,MGC,4607.8,4609.6,4607.7,4607.8,621.0
2026-01-12T09:23:00+00:00,MGC,4607.8,4609.1,4606.9,4607.3,243.0
2026-01-12T09:24:00+00:00,MGC,4607.2,4608.6,4607.1,4608.6,140.0
2026-01-12T09:25:00+00:00,MGC,4608.7,4609.6,4607.2,4607.3,209.0
2026-01-12T09:26:00+00:00,MGC,4607.4,4607.6,4606.4,4607.0,198.0
2026-01-12T09:27:00+00:00,MGC,4606.9,4607.3,4606.5,4607.1,171.0
2026-01-12T09:28:00+00:00,MGC,4607.1,4608.1,4607.1,4608.0,163.0
2026-01-12T09:29:00+00:00,MGC,4607.9,4607.9,4605.7,4606.4,256.0
2026-01-12T09:30:00+00:00,MGC,4606.7,4607.0,4604.7,4605.2,287.0
2026-01-12T09:31:00+00:00,MGC,4605.2,4606.9,4605.2,4606.0,144.0
2026-01-12T09:32:00+00:00,MGC,4606.1,4606.1,4604.6,4605.2,201.0
2026-01-12T09:33:00+00:00,MGC,4605.1,4607.1,4605.0,4606.0,162.0
2026-01-12T09:34:00+00:00,MGC,4605.9,4606.7,4605.2,4606.0,149.0
2026-01-12T09:35:00+00:00,MGC,4606.0,4606.9,4605.9,4606.1,130.0
2026-01-12T09:36:00+00:00,MGC,4606.0,4606.5,4604.6,4604.8,158.0
2026-01-12T09:37:00+00:00,MGC,4604.8,4605.3,4603.7,4604.4,287.0
2026-01-12T09:38:00+00:00,MGC,4604.2,4605.3,4604.2,4604.6,103.0
2026-01-12T09:39:00+00:00,MGC,4604.6,4605.0,4603.6,4603.7,162.0
2026-01-12T09:40:00+00:00,MGC,4603.8,4606.7,4603.6,4606.6,319.0
2026-01-12T09:41:00+00:00,MGC,4606.6,4607.3,4606.3,4606.5,129.0
2026-01-12T09:42:00+00:00,MGC,4606.3,4606.4,4605.1,4605.7,110.0
2026-01-12T09:43:00+00:00,MGC,4605.7,4606.3,4604.8,4605.5,139.0
2026-01-12T09:44:00+00:00,MGC,4605.5,4606.1,4605.2,4605.6,59.0
2026-01-12T09:45:00+00:00,MGC,4605.7,4605.7,4604.2,4604.8,152.0
2026-01-12T09:46:00+00:00,MGC,4604.7,4605.1,4603.9,4604.0,200.0
2026-01-12T09:47:00+00:00,MGC,4604.0,4604.3,4603.2,4603.7,185.0
2026-01-12T09:48:00+00:00,MGC,4603.6,4604.0,4602.5,4602.6,279.0
2026-01-12T09:49:00+00:00,MGC,4602.6,4603.3,4601.5,4602.3,436.0
2026-01-12T09:50:00+00:00,MGC,4602.1,4602.1,4600.3,4600.5,437.0
2026-01-12T09:51:00+00:00,MGC,4600.7,4601.9,4600.7,4601.5,194.0
2026-01-12T09:52:00+00:00,MGC,4601.5,4601.9,4600.9,4601.6,122.0
2026-01-12T09:53:00+00:00,MGC,4601.4,4601.9,4601.0,4601.2,123.0
2026-01-12T09:54:00+00:00,MGC,4601.2,4601.4,4600.2,4600.2,152.0
2026-01-12T09:55:00+00:00,MGC,4600.3,4601.2,4599.6,4600.8,197.0
2026-01-12T09:56:00+00:00,MGC,4601.0,4602.0,4600.4,4600.5,174.0
2026-01-12T09:57:00+00:00,MGC,4600.5,4601.5,4599.5,4600.7,188.0
2026-01-12T09:58:00+00:00,MGC,4600.8,4601.3,4598.5,4598.5,290.0
2026-01-12T09:59:00+00:00,MGC,4598.7,4599.7,4597.8,4599.4,265.0
2026-01-12T10:00:00+00:00,MGC,4599.6,4602.9,4599.4,4602.9,424.0
2026-01-12T10:01:00+00:00,MGC,4602.9,4603.7,4602.3,4603.6,202.0
2026-01-12T10:02:00+00:00,MGC,4603.2,4603.3,4601.1,4601.3,274.0
2026-01-12T10:03:00+00:00,MGC,4601.3,4602.6,4600.9,4600.9,173.0
2026-01-12T10:04:00+00:00,MGC,4600.9,4601.3,4600.0,4600.6,274.0
2026-01-12T10:05:00+00:00,MGC,4600.6,4601.3,4600.0,4601.1,171.0
2026-01-12T10:06:00+00:00,MGC,4601.3,4601.3,4600.6,4601.1,102.0
2026-01-12T10:07:00+00:00,MGC,4601.2,4601.2,4599.7,4599.8,94.0
2026-01-12T10:08:00+00:00,MGC,4599.8,4599.8,4596.9,4597.6,483.0
2026-01-12T10:09:00+00:00,MGC,4597.8,4598.2,4597.1,4597.1,207.0
2026-01-12T10:10:00+00:00,MGC,4597.0,4599.4,4596.1,4599.1,468.0
2026-01-12T10:11:00+00:00,MGC,4599.1,4599.2,4598.2,4598.4,123.0
2026-01-12T10:12:00+00:00,MGC,4598.4,4599.8,4597.5,4599.3,262.0
2026-01-12T10:13:00+00:00,MGC,4599.3,4600.7,4598.5,4600.4,273.0
2026-01-12T10:14:00+00:00,MGC,4600.8,4602.4,4599.8,4602.3,270.0
2026-01-12T10:15:00+00:00,MGC,4602.4,4602.7,4600.9,4601.3,213.0
2026-01-12T10:16:00+00:00,MGC,4601.3,4602.0,4600.9,4601.2,172.0
2026-01-12T10:17:00+00:00,MGC,4601.3,4601.4,4600.1,4600.3,109.0
2026-01-12T10:18:00+00:00,MGC,4600.3,4601.6,4600.0,4601.3,133.0
2026-01-12T10:19:00+00:00,MGC,4601.2,4601.4,4599.3,4599.4,138.0
2026-01-12T10:20:00+00:00,MGC,4599.2,4600.6,4599.1,4600.6,156.0
2026-01-12T10:21:00+00:00,MGC,4600.4,4600.6,4599.3,4599.4,134.0
2026-01-12T10:22:00+00:00,MGC,4599.4,4600.4,4599.1,4600.3,90.0
2026-01-12T10:23:00+00:00,MGC,4600.3,4600.5,4600.1,4600.4,35.0
2026-01-12T10:24:00+00:00,MGC,4600.4,4602.1,4600.4,4601.6,121.0
2026-01-12T10:25:00+00:00,MGC,4601.8,4602.7,4601.4,4602.4,116.0
2026-01-12T10:26:00+00:00,MGC,4602.4,4603.9,4602.1,4603.5,222.0
2026-01-12T10:27:00+00:00,MGC,4603.4,4604.0,4603.0,4603.3,132.0
2026-01-12T10:28:00+00:00,MGC,4603.3,4604.3,4603.3,4604.1,71.0
2026-01-12T10:29:00+00:00,MGC,4604.3,4604.3,4602.5,4602.7,205.0
2026-01-12T10:30:00+00:00,MGC,4602.7,4605.0,4600.6,4600.8,694.0
2026-01-12T10:31:00+00:00,MGC,4600.9,4602.0,4600.5,4600.5,314.0
2026-01-12T10:32:00+00:00,MGC,4601.0,4601.9,4598.6,4598.8,423.0
2026-01-12T10:33:00+00:00,MGC,4598.8,4600.0,4598.8,4599.3,187.0
2026-01-12T10:34:00+00:00,MGC,4599.2,4599.6,4597.2,4598.4,443.0
2026-01-12T10:35:00+00:00,MGC,4598.2,4600.5,4598.0,4598.8,298.0
2026-01-12T10:36:00+00:00,MGC,4598.7,4599.4,4598.7,4598.8,162.0
2026-01-12T10:37:00+00:00,MGC,4598.9,4599.8,4598.2,4599.4,198.0
2026-01-12T10:38:00+00:00,MGC,4599.3,4601.5,4599.2,4601.1,201.0
2026-01-12T10:39:00+00:00,MGC,4601.0,4602.6,4600.8,4602.6,218.0
2026-01-12T10:40:00+00:00,MGC,4602.6,4603.6,4602.6,4603.6,149.0
2026-01-12T10:41:00+00:00,MGC,4603.6,4604.5,4603.5,4604.4,128.0
2026-01-12T10:42:00+00:00,MGC,4604.2,4604.2,4602.2,4603.4,267.0
2026-01-12T10:43:00+00:00,MGC,4603.5,4603.8,4600.5,4600.5,169.0
2026-01-12T10:44:00+00:00,MGC,4600.4,4601.3,4600.2,4600.4,105.0
2026-01-12T10:45:00+00:00,MGC,4600.4,4601.9,4600.2,4601.9,137.0
2026-01-12T10:46:00+00:00,MGC,4601.7,4602.6,4601.3,4602.5,94.0
2026-01-12T10:47:00+00:00,MGC,4602.6,4603.0,4601.4,4602.1,146.0
2026-01-12T10:48:00+00:00,MGC,4602.0,4603.5,4601.8,4602.7,85.0
2026-01-12T10:49:00+00:00,MGC,4602.7,4603.8,4602.5,4603.2,146.0
2026-01-12T10:50:00+00:00,MGC,4603.2,4604.4,4603.1,4604.1,231.0
2026-01-12T10:51:00+00:00,MGC,4604.3,4604.7,4603.6,4603.9,193.0
2026-01-12T10:52:00+00:00,MGC,4603.9,4603.9,4603.1,4603.6,90.0
2026-01-12T10:53:00+00:00,MGC,4603.5,4604.2,4602.7,4604.1,158.0
2026-01-12T10:54:00+00:00,MGC,4604.2,4605.0,4603.6,4604.2,176.0
2026-01-12T10:55:00+00:00,MGC,4604.2,4604.6,4603.6,4604.1,134.0
2026-01-12T10:56:00+00:00,MGC,4603.8,4604.4,4603.3,4604.4,121.0
2026-01-12T10:57:00+00:00,MGC,4604.4,4605.7,4604.4,4605.5,237.0
2026-01-12T10:58:00+00:00,MGC,4605.6,4605.8,4604.7,4605.0,309.0
2026-01-12T10:59:00+00:00,MGC,4605.1,4605.2,4604.5,4604.5,77.0
2026-01-12T11:00:00+00:00,MGC,4604.7,4605.4,4602.7,4603.4,255.0
2026-01-12T11:01:00+00:00,MGC,4603.1,4603.8,4602.4,4603.6,170.0
2026-01-12T11:02:00+00:00,MGC,4603.6,4604.4,4603.0,4603.2,105.0
2026-01-12T11:03:00+00:00,MGC,4603.0,4603.4,4602.3,4602.4,118.0
2026-01-12T11:04:00+00:00,MGC,4602.5,4603.3,4602.0,4603.2,94.0
2026-01-12T11:05:00+00:00,MGC,4602.9,4603.3,4602.2,4602.8,101.0
2026-01-12T11:06:00+00:00,MGC,4602.8,4603.5,4602.8,4603.3,92.0
2026-01-12T11:07:00+00:00,MGC,4603.4,4604.0,4603.0,4603.1,68.0
2026-01-12T11:08:00+00:00,MGC,4603.1,4603.4,4602.8,4603.0,52.0
2026-01-12T11:09:00+00:00,MGC,4603.0,4603.4,4602.2,4602.5,69.0
2026-01-12T11:10:00+00:00,MGC,4602.4,4603.2,4601.5,4603.2,139.0
2026-01-12T11:11:00+00:00,MGC,4603.0,4603.0,4601.8,4602.1,106.0
2026-01-12T11:12:00+00:00,MGC,4602.1,4602.8,4601.9,4602.6,91.0
2026-01-12T11:13:00+00:00,MGC,4602.5,4603.1,4602.2,4602.7,55.0
2026-01-12T11:14:00+00:00,MGC,4602.6,4602.6,4600.6,4601.2,216.0
2026-01-12T11:15:00+00:00,MGC,4601.0,4601.4,4600.2,4601.3,192.0
2026-01-12T11:16:00+00:00,MGC,4601.4,4602.2,4600.9,4602.2,141.0
2026-01-12T11:17:00+00:00,MGC,4602.1,4604.0,4601.9,4603.4,247.0
2026-01-12T11:18:00+00:00,MGC,4603.5,4604.0,4600.8,4600.8,159.0
2026-01-12T11:19:00+00:00,MGC,4600.8,4600.8,4599.2,4599.6,192.0
2026-01-12T11:20:00+00:00,MGC,4599.6,4600.0,4598.6,4598.6,216.0
2026-01-12T11:21:00+00:00,MGC,4598.6,4598.7,4597.3,4598.0,379.0
2026-01-12T11:22:00+00:00,MGC,4597.9,4598.2,4597.3,4598.0,118.0
2026-01-12T11:23:00+00:00,MGC,4598.0,4598.1,4596.6,4597.2,253.0
2026-01-12T11:24:00+00:00,MGC,4597.1,4598.4,4596.3,4598.0,241.0
2026-01-12T11:25:00+00:00,MGC,4597.8,4598.0,4593.7,4593.7,635.0
2026-01-12T11:26:00+00:00,MGC,4593.8,4595.6,4593.7,4594.5,346.0
2026-01-12T11:27:00+00:00,MGC,4594.4,4596.9,4594.1,4595.9,241.0
2026-01-12T11:28:00+00:00,MGC,4595.8,4596.3,4595.6,4595.9,220.0
2026-01-12T11:29:00+00:00,MGC,4595.6,4595.7,4594.7,4595.0,162.0
2026-01-12T11:30:00+00:00,MGC,4595.2,4596.2,4594.2,4596.2,231.0
2026-01-12T11:31:00+00:00,MGC,4596.0,4596.8,4595.0,4595.9,194.0
2026-01-12T11:32:00+00:00,MGC,4595.8,4597.3,4595.6,4597.1,135.0
2026-01-12T11:33:00+00:00,MGC,4597.1,4597.4,4595.4,4596.3,274.0
2026-01-12T11:34:00+00:00,MGC,4596.1,4597.4,4595.1,4597.4,211.0
2026-01-12T11:35:00+00:00,MGC,4597.3,4598.2,4596.8,4597.6,305.0
2026-01-12T11:36:00+00:00,MGC,4597.8,4598.9,4597.0,4598.9,192.0
2026-01-12T11:37:00+00:00,MGC,4598.9,4599.4,4598.2,4598.3,175.0
2026-01-12T11:38:00+00:00,MGC,4598.2,4599.4,4597.9,4599.1,119.0
2026-01-12T11:39:00+00:00,MGC,4599.0,4600.1,4598.8,4600.0,117.0
2026-01-12T11:40:00+00:00,MGC,4599.9,4601.0,4599.3,4600.6,207.0
2026-01-12T11:41:00+00:00,MGC,4600.5,4601.0,4600.0,4600.5,216.0
2026-01-12T11:42:00+00:00,MGC,4600.4,4601.6,4600.4,4601.0,130.0
2026-01-12T11:43:00+00:00,MGC,4601.1,4601.5,4600.3,4600.7,120.0
2026-01-12T11:44:00+00:00,MGC,4600.5,4601.9,4600.4,4601.9,78.0
2026-01-12T11:45:00+00:00,MGC,4602.0,4602.0,4600.0,4600.2,143.0
2026-01-12T11:46:00+00:00,MGC,4600.2,4600.7,4599.7,4600.0,140.0
2026-01-12T11:47:00+00:00,MGC,4600.0,4600.0,4598.1,4598.1,201.0
2026-01-12T11:48:00+00:00,MGC,4598.2,4598.3,4597.1,4597.6,245.0
2026-01-12T11:49:00+00:00,MGC,4597.6,4597.6,4596.1,4596.1,195.0
2026-01-12T11:50:00+00:00,MGC,4596.2,4596.8,4595.5,4595.7,194.0
2026-01-12T11:51:00+00:00,MGC,4595.8,4596.0,4594.5,4594.6,278.0
2026-01-12T11:52:00+00:00,MGC,4594.6,4595.3,4594.5,4594.9,177.0
2026-01-12T11:53:00+00:00,MGC,4594.9,4595.5,4594.8,4595.1,116.0
2026-01-12T11:54:00+00:00,MGC,4595.2,4596.2,4594.5,4595.4,155.0
2026-01-12T11:55:00+00:00,MGC,4595.1,4595.5,4594.2,4594.5,92.0
2026-01-12T11:56:00+00:00,MGC,4594.4,4594.4,4591.3,4592.4,524.0
2026-01-12T11:57:00+00:00,MGC,4592.4,4592.9,4591.7,4592.8,225.0
2026-01-12T11:58:00+00:00,MGC,4592.9,4593.5,4592.0,4592.6,226.0
2026-01-12T11:59:00+00:00,MGC,4592.5,4595.4,4592.5,4595.2,285.0
2026-01-12T12:00:00+00:00,MGC,4595.0,4595.6,4593.3,4594.6,398.0
2026-01-12T12:01:00+00:00,MGC,4594.7,4595.8,4593.7,4595.8,251.0
2026-01-12T12:02:00+00:00,MGC,4595.8,4596.9,4594.1,4594.2,337.0
2026-01-12T12:03:00+00:00,MGC,4594.3,4595.1,4593.1,4594.7,307.0
2026-01-12T12:04:00+00:00,MGC,4594.7,4595.0,4593.9,4594.1,138.0
2026-01-12T12:05:00+00:00,MGC,4594.3,4595.0,4592.7,4593.6,287.0
2026-01-12T12:06:00+00:00,MGC,4593.6,4594.2,4592.4,4593.0,286.0
2026-01-12T12:07:00+00:00,MGC,4592.7,4594.2,4592.3,4592.9,173.0
2026-01-12T12:08:00+00:00,MGC,4593.0,4594.1,4588.1,4590.1,1100.0
2026-01-12T12:09:00+00:00,MGC,4590.1,4592.3,4589.8,4590.6,573.0
2026-01-12T12:10:00+00:00,MGC,4590.8,4594.1,4590.8,4594.1,421.0
2026-01-12T12:11:00+00:00,MGC,4594.1,4595.1,4593.6,4594.2,263.0
2026-01-12T12:12:00+00:00,MGC,4594.2,4594.2,4591.9,4591.9,193.0
2026-01-12T12:13:00+00:00,MGC,4591.9,4593.0,4590.8,4593.0,234.0
2026-01-12T12:14:00+00:00,MGC,4593.2,4594.2,4591.7,4591.7,181.0
2026-01-12T12:15:00+00:00,MGC,4591.7,4592.2,4591.1,4591.7,128.0
2026-01-12T12:16:00+00:00,MGC,4591.8,4591.8,4590.0,4590.2,288.0
2026-01-12T12:17:00+00:00,MGC,4590.3,4591.8,4589.6,4590.0,256.0
2026-01-12T12:18:00+00:00,MGC,4590.1,4590.6,4588.7,4589.6,269.0
2026-01-12T12:19:00+00:00,MGC,4589.6,4590.9,4589.3,4590.4,147.0
2026-01-12T12:20:00+00:00,MGC,4590.3,4590.9,4589.4,4590.7,171.0
2026-01-12T12:21:00+00:00,MGC,4590.4,4592.3,4590.4,4591.7,318.0
2026-01-12T12:22:00+00:00,MGC,4591.6,4591.9,4589.1,4589.1,283.0
2026-01-12T12:23:00+00:00,MGC,4589.2,4591.4,4588.1,4591.3,548.0
2026-01-12T12:24:00+00:00,MGC,4591.3,4592.1,4590.5,4592.0,275.0
2026-01-12T12:25:00+00:00,MGC,4592.0,4592.6,4591.1,4591.3,210.0
2026-01-12T12:26:00+00:00,MGC,4591.3,4592.0,4590.3,4591.5,222.0
2026-01-12T12:27:00+00:00,MGC,4591.6,4592.4,4591.1,4591.5,216.0
2026-01-12T12:28:00+00:00,MGC,4591.4,4592.5,4591.2,4591.8,184.0
2026-01-12T12:29:00+00:00,MGC,4591.7,4592.6,4591.7,4592.3,126.0
2026-01-12T12:30:00+00:00,MGC,4592.5,4593.2,4592.2,4592.3,188.0
2026-01-12T12:31:00+00:00,MGC,4592.5,4592.8,4591.7,4592.7,119.0
2026-01-12T12:32:00+00:00,MGC,4592.7,4593.9,4592.7,4593.3,186.0
2026-01-12T12:33:00+00:00,MGC,4593.3,4594.4,4593.1,4594.0,209.0
2026-01-12T12:34:00+00:00,MGC,4594.1,4595.2,4594.1,4594.5,226.0
2026-01-12T12:35:00+00:00,MGC,4594.5,4595.5,4594.3,4595.0,202.0
2026-01-12T12:36:00+00:00,MGC,4594.8,4595.9,4593.4,4595.7,272.0
2026-01-12T12:37:00+00:00,MGC,4595.6,4595.8,4593.9,4594.4,241.0
2026-01-12T12:38:00+00:00,MGC,4594.4,4595.3,4594.0,4595.2,189.0
2026-01-12T12:39:00+00:00,MGC,4595.3,4595.5,4594.0,4594.8,223.0
2026-01-12T12:40:00+00:00,MGC,4594.6,4595.5,4594.0,4595.2,122.0
2026-01-12T12:41:00+00:00,MGC,4595.0,4595.6,4594.4,4595.3,175.0
2026-01-12T12:42:00+00:00,MGC,4595.3,4595.3,4594.2,4594.7,104.0
2026-01-12T12:43:00+00:00,MGC,4594.5,4595.7,4594.5,4595.4,106.0
2026-01-12T12:44:00+00:00,MGC,4595.6,4596.8,4595.5,4596.0,299.0
2026-01-12T12:45:00+00:00,MGC,4595.9,4596.6,4595.6,4595.7,154.0
2026-01-12T12:46:00+00:00,MGC,4595.7,4596.3,4594.9,4595.3,132.0
2026-01-12T12:47:00+00:00,MGC,4595.3,4596.5,4595.2,4595.9,151.0
2026-01-12T12:48:00+00:00,MGC,4596.1,4597.7,4595.0,4597.2,361.0
2026-01-12T12:49:00+00:00,MGC,4597.2,4597.4,4596.3,4596.6,197.0
2026-01-12T12:50:00+00:00,MGC,4596.5,4598.5,4596.3,4598.1,226.0
2026-01-12T12:51:00+00:00,MGC,4598.2,4599.3,4598.1,4599.1,317.0
2026-01-12T12:52:00+00:00,MGC,4598.9,4599.5,4598.4,4599.3,161.0
2026-01-12T12:53:00+00:00,MGC,4599.3,4599.4,4598.1,4598.6,251.0
2026-01-12T12:54:00+00:00,MGC,4598.8,4599.0,4597.8,4598.4,213.0
2026-01-12T12:55:00+00:00,MGC,4598.6,4599.4,4598.4,4598.8,200.0
2026-01-12T12:56:00+00:00,MGC,4598.7,4599.0,4597.2,4598.8,215.0
2026-01-12T12:57:00+00:00,MGC,4598.7,4598.8,4597.8,4598.4,160.0
2026-01-12T12:58:00+00:00,MGC,4598.3,4599.7,4598.3,4599.3,212.0
2026-01-12T12:59:00+00:00,MGC,4599.5,4600.4,4599.3,4600.1,383.0
2026-01-12T13:00:00+00:00,MGC,4600.4,4601.7,4598.4,4601.5,1048.0
2026-01-12T13:01:00+00:00,MGC,4601.3,4603.0,4600.4,4602.8,639.0
2026-01-12T13:02:00+00:00,MGC,4602.7,4603.7,4600.5,4602.0,575.0
2026-01-12T13:03:00+00:00,MGC,4602.2,4605.6,4602.1,4605.4,854.0
2026-01-12T13:04:00+00:00,MGC,4605.2,4606.3,4603.1,4606.1,863.0
2026-01-12T13:05:00+00:00,MGC,4606.0,4607.8,4605.5,4607.5,968.0
2026-01-12T13:06:00+00:00,MGC,4607.7,4608.4,4606.6,4607.5,990.0
2026-01-12T13:07:00+00:00,MGC,4607.7,4611.5,4607.1,4611.1,1073.0
2026-01-12T13:08:00+00:00,MGC,4611.3,4614.7,4610.6,4613.3,2112.0
2026-01-12T13:09:00+00:00,MGC,4613.3,4613.7,4610.7,4611.5,925.0
2026-01-12T13:10:00+00:00,MGC,4611.5,4614.8,4611.5,4613.2,813.0
2026-01-12T13:11:00+00:00,MGC,4613.1,4615.4,4612.0,4613.8,1029.0
2026-01-12T13:12:00+00:00,MGC,4613.7,4618.5,4612.4,4618.2,1078.0
2026-01-12T13:13:00+00:00,MGC,4618.3,4620.4,4616.9,4618.5,1380.0
2026-01-12T13:14:00+00:00,MGC,4618.5,4619.0,4615.8,4617.0,1036.0
2026-01-12T13:15:00+00:00,MGC,4617.3,4620.9,4617.1,4620.7,836.0
2026-01-12T13:16:00+00:00,MGC,4620.6,4621.3,4619.6,4620.8,890.0
2026-01-12T13:17:00+00:00,MGC,4620.8,4621.3,4618.7,4619.5,956.0
2026-01-12T13:18:00+00:00,MGC,4619.5,4621.3,4618.4,4618.5,745.0
2026-01-12T13:19:00+00:00,MGC,4618.7,4619.9,4617.6,4619.2,658.0
2026-01-12T13:20:00+00:00,MGC,4619.1,4620.5,4617.8,4618.9,648.0
2026-01-12T13:21:00+00:00,MGC,4618.6,4618.6,4617.1,4617.1,669.0
2026-01-12T13:22:00+00:00,MGC,4617.1,4619.7,4617.0,4619.2,596.0
2026-01-12T13:23:00+00:00,MGC,4619.0,4621.7,4618.1,4621.3,746.0
2026-01-12T13:24:00+00:00,MGC,4621.3,4621.9,4619.3,4620.3,739.0
2026-01-12T13:25:00+00:00,MGC,4620.4,4622.0,4617.7,4617.9,587.0
2026-01-12T13:26:00+00:00,MGC,4618.0,4618.3,4615.8,4616.9,855.0
2026-01-12T13:27:00+00:00,MGC,4616.8,4617.1,4614.5,4615.6,889.0
2026-01-12T13:28:00+00:00,MGC,4615.6,4617.1,4615.2,4615.7,377.0
2026-01-12T13:29:00+00:00,MGC,4615.7,4616.2,4614.4,4615.2,473.0
2026-01-12T13:30:00+00:00,MGC,4615.1,4618.7,4615.1,4617.1,843.0
2026-01-12T13:31:00+00:00,MGC,4617.0,4618.8,4616.3,4618.6,486.0
2026-01-12T13:32:00+00:00,MGC,4618.6,4618.9,4617.3,4618.0,319.0
2026-01-12T13:33:00+00:00,MGC,4618.4,4619.2,4617.3,4618.1,477.0
2026-01-12T13:34:00+00:00,MGC,4618.0,4619.8,4616.3,4619.6,432.0
2026-01-12T13:35:00+00:00,MGC,4619.6,4619.7,4618.0,4618.4,311.0
2026-01-12T13:36:00+00:00,MGC,4618.3,4620.5,4617.9,4619.1,752.0
2026-01-12T13:37:00+00:00,MGC,4619.2,4620.2,4618.0,4618.3,348.0
2026-01-12T13:38:00+00:00,MGC,4618.5,4619.6,4617.4,4619.5,324.0
2026-01-12T13:39:00+00:00,MGC,4619.4,4621.6,4619.2,4620.9,590.0
2026-01-12T13:40:00+00:00,MGC,4620.9,4623.9,4620.5,4622.9,1252.0
2026-01-12T13:41:00+00:00,MGC,4622.7,4622.7,4616.6,4617.3,1042.0
2026-01-12T13:42:00+00:00,MGC,4617.3,4619.4,4616.6,4617.5,527.0
2026-01-12T13:43:00+00:00,MGC,4617.6,4621.2,4617.6,4620.6,418.0
2026-01-12T13:44:00+00:00,MGC,4620.7,4621.0,4619.3,4619.4,294.0
2026-01-12T13:45:00+00:00,MGC,4619.5,4620.8,4618.3,4619.3,421.0
2026-01-12T13:46:00+00:00,MGC,4619.3,4621.0,4619.3,4620.1,364.0
2026-01-12T13:47:00+00:00,MGC,4620.3,4624.0,4619.0,4623.5,620.0
2026-01-12T13:48:00+00:00,MGC,4623.7,4625.0,4622.0,4622.9,1091.0
2026-01-12T13:49:00+00:00,MGC,4622.9,4625.5,4622.9,4624.6,665.0
2026-01-12T13:50:00+00:00,MGC,4624.8,4626.8,4624.2,4626.2,776.0
2026-01-12T13:51:00+00:00,MGC,4626.1,4629.0,4626.0,4628.5,874.0
2026-01-12T13:52:00+00:00,MGC,4628.6,4629.0,4626.8,4627.7,746.0
2026-01-12T13:53:00+00:00,MGC,4627.6,4628.7,4627.4,4628.6,393.0
2026-01-12T13:54:00+00:00,MGC,4628.8,4630.6,4628.6,4630.0,1131.0
2026-01-12T13:55:00+00:00,MGC,4630.1,4630.8,4628.8,4629.9,721.0
2026-01-12T13:56:00+00:00,MGC,4630.0,4630.5,4627.9,4628.3,671.0
2026-01-12T13:57:00+00:00,MGC,4628.5,4629.4,4626.3,4628.3,669.0
2026-01-12T13:58:00+00:00,MGC,4628.2,4628.2,4626.5,4627.1,531.0
2026-01-12T13:59:00+00:00,MGC,4627.0,4627.4,4626.4,4626.5,299.0
2026-01-12T14:00:00+00:00,MGC,4626.5,4628.0,4622.5,4622.7,1409.0
2026-01-12T14:01:00+00:00,MGC,4622.8,4625.2,4622.1,4622.8,875.0
2026-01-12T14:02:00+00:00,MGC,4622.8,4623.3,4617.1,4617.4,1222.0
2026-01-12T14:03:00+00:00,MGC,4617.6,4617.6,4609.5,4609.6,2711.0
2026-01-12T14:04:00+00:00,MGC,4609.7,4615.0,4608.6,4610.5,2225.0
2026-01-12T14:05:00+00:00,MGC,4610.5,4614.6,4609.8,4613.0,1441.0
2026-01-12T14:06:00+00:00,MGC,4612.8,4613.1,4609.1,4612.6,1210.0
2026-01-12T14:07:00+00:00,MGC,4612.4,4614.5,4610.1,4611.0,1417.0
2026-01-12T14:08:00+00:00,MGC,4611.0,4613.0,4607.8,4609.0,1308.0
2026-01-12T14:09:00+00:00,MGC,4609.2,4611.7,4608.5,4608.8,840.0
2026-01-12T14:10:00+00:00,MGC,4608.8,4608.8,4602.4,4606.5,2351.0
2026-01-12T14:11:00+00:00,MGC,4606.5,4608.7,4604.9,4608.0,1136.0
2026-01-12T14:12:00+00:00,MGC,4607.9,4608.7,4605.4,4605.5,759.0
2026-01-12T14:13:00+00:00,MGC,4605.5,4607.7,4604.4,4605.0,1100.0
2026-01-12T14:14:00+00:00,MGC,4605.3,4607.7,4603.2,4606.7,941.0
2026-01-12T14:15:00+00:00,MGC,4606.5,4607.0,4600.6,4602.6,1537.0
2026-01-12T14:16:00+00:00,MGC,4602.4,4605.7,4600.4,4603.7,1232.0
2026-01-12T14:17:00+00:00,MGC,4603.6,4606.5,4602.8,4606.2,820.0
2026-01-12T14:18:00+00:00,MGC,4606.2,4609.0,4605.0,4608.4,916.0
2026-01-12T14:19:00+00:00,MGC,4608.5,4608.8,4605.7,4607.1,808.0
2026-01-12T14:20:00+00:00,MGC,4607.1,4609.3,4606.6,4608.6,733.0
2026-01-12T14:21:00+00:00,MGC,4608.5,4610.1,4607.0,4609.4,873.0
2026-01-12T14:22:00+00:00,MGC,4609.5,4609.9,4602.8,4605.8,1233.0
2026-01-12T14:23:00+00:00,MGC,4605.6,4608.2,4604.3,4607.2,683.0
2026-01-12T14:24:00+00:00,MGC,4607.1,4608.3,4606.0,4607.5,635.0
2026-01-12T14:25:00+00:00,MGC,4607.6,4608.3,4598.0,4598.4,1752.0
2026-01-12T14:26:00+00:00,MGC,4598.4,4601.0,4596.9,4598.1,1479.0
2026-01-12T14:27:00+00:00,MGC,4598.0,4598.7,4595.1,4597.7,1409.0
2026-01-12T14:28:00+00:00,MGC,4597.8,4602.8,4596.8,4602.8,1247.0
2026-01-12T14:29:00+00:00,MGC,4602.6,4603.5,4596.5,4596.5,1103.0
2026-01-12T14:30:00+00:00,MGC,4596.5,4602.8,4595.1,4601.2,2200.0
2026-01-12T14:31:00+00:00,MGC,4601.0,4608.1,4599.9,4608.0,1778.0
2026-01-12T14:32:00+00:00,MGC,4608.1,4610.6,4607.7,4608.9,1730.0
2026-01-12T14:33:00+00:00,MGC,4609.2,4611.2,4607.1,4608.5,1296.0
2026-01-12T14:34:00+00:00,MGC,4608.5,4608.8,4603.6,4607.9,1276.0
2026-01-12T14:35:00+00:00,MGC,4608.2,4609.0,4602.1,4602.1,1088.0
2026-01-12T14:36:00+00:00,MGC,4602.2,4608.2,4601.7,4607.9,1411.0
2026-01-12T14:37:00+00:00,MGC,4607.8,4608.1,4604.3,4605.6,946.0
2026-01-12T14:38:00+00:00,MGC,4605.7,4614.4,4605.2,4614.2,2066.0
2026-01-12T14:39:00+00:00,MGC,4614.2,4620.0,4614.0,4619.4,2433.0
2026-01-12T14:40:00+00:00,MGC,4619.4,4619.7,4617.7,4618.9,401.0
2026-01-12T14:41:00+00:00,MGC,4615.4,4616.8,4615.3,4616.8,119.0
2026-01-12T14:42:00+00:00,MGC,4617.3,4617.9,4617.1,4617.9,55.0
2026-01-12T14:43:00+00:00,MGC,4616.4,4616.9,4615.9,4615.9,132.0
2026-01-12T14:44:00+00:00,MGC,4611.8,4611.9,4610.6,4610.8,239.0
2026-01-12T14:45:00+00:00,MGC,4612.7,4613.1,4610.2,4611.8,204.0
2026-01-12T14:46:00+00:00,MGC,4610.4,4612.6,4610.4,4611.6,78.0
2026-01-12T14:47:00+00:00,MGC,4608.3,4608.6,4607.4,4608.4,102.0
2026-01-12T14:48:00+00:00,MGC,4607.6,4608.3,4606.8,4607.9,122.0
2026-01-12T14:49:00+00:00,MGC,4608.7,4608.7,4607.7,4607.9,44.0
2026-01-12T14:50:00+00:00,MGC,4610.6,4611.7,4610.3,4611.0,123.0
2026-01-12T14:51:00+00:00,MGC,4611.7,4613.3,4611.1,4612.7,220.0
2026-01-12T14:52:00+00:00,MGC,4614.5,4614.5,4613.3,4614.0,110.0
2026-01-12T14:53:00+00:00,MGC,4614.7,4616.2,4614.4,4615.7,139.0
2026-01-12T14:54:00+00:00,MGC,4617.3,4617.7,4616.4,4616.9,129.0
2026-01-12T14:55:00+00:00,MGC,4614.0,4614.8,4613.8,4614.6,75.0
2026-01-12T14:56:00+00:00,MGC,4613.2,4613.2,4612.1,4612.4,44.0
2026-01-12T14:57:00+00:00,MGC,4612.3,4612.9,4612.2,4612.8,28.0
2026-01-12T14:58:00+00:00,MGC,4613.9,4614.9,4613.5,4613.6,113.0
2026-01-12T14:59:00+00:00,MGC,4610.5,4611.3,4610.4,4611.3,40.0
2026-01-12T15:00:00+00:00,MGC,4611.8,4612.8,4611.5,4612.6,224.0
2026-01-12T15:01:00+00:00,MGC,4616.1,4617.2,4615.9,4616.9,83.0
2026-01-12T15:02:00+00:00,MGC,4619.0,4619.4,4618.6,4619.1,81.0
2026-01-12T15:03:00+00:00,MGC,4621.3,4621.8,4621.1,4621.3,88.0
2026-01-12T15:04:00+00:00,MGC,4621.4,4621.5,4620.5,4620.5,45.0
2026-01-12T15:05:00+00:00,MGC,4616.3,4616.7,4615.1,4615.3,143.0
2026-01-12T15:06:00+00:00,MGC,4619.8,4621.3,4619.7,4620.6,151.0
2026-01-12T15:07:00+00:00,MGC,4623.9,4624.4,4623.8,4624.4,122.0
2026-01-12T15:08:00+00:00,MGC,4625.3,4625.7,4625.1,4625.2,91.0
2026-01-12T15:09:00+00:00,MGC,4625.7,4625.8,4624.9,4625.4,59.0
2026-01-12T15:10:00+00:00,MGC,4624.9,4626.3,4624.4,4626.3,138.0
2026-01-12T15:11:00+00:00,MGC,4626.2,4626.5,4626.0,4626.1,16.0
2026-01-12T15:12:00+00:00,MGC,4625.0,4625.2,4624.1,4625.0,128.0
2026-01-12T15:13:00+00:00,MGC,4628.6,4629.0,4628.0,4628.1,102.0
2026-01-12T15:14:00+00:00,MGC,4626.7,4627.2,4626.6,4626.8,38.0
2026-01-12T15:15:00+00:00,MGC,4627.2,4627.7,4626.9,4627.4,73.0
2026-01-12T15:16:00+00:00,MGC,4625.8,4625.9,4624.9,4625.3,109.0
2026-01-12T15:17:00+00:00,MGC,4624.2,4624.7,4623.3,4624.4,75.0
2026-01-12T15:18:00+00:00,MGC,4623.9,4624.5,4623.7,4623.7,45.0
2026-01-12T15:19:00+00:00,MGC,4624.6,4625.5,4624.5,4625.3,37.0
2026-01-12T15:20:00+00:00,MGC,4624.4,4624.8,4622.2,4623.1,193.0
2026-01-12T15:21:00+00:00,MGC,4623.3,4624.7,4623.0,4624.7,69.0
2026-01-12T15:22:00+00:00,MGC,4621.6,4623.1,4621.1,4621.3,148.0
2026-01-12T15:23:00+00:00,MGC,4624.5,4625.5,4624.3,4624.7,161.0
2026-01-12T15:24:00+00:00,MGC,4627.1,4628.2,4627.1,4627.3,172.0
2026-01-12T15:25:00+00:00,MGC,4627.7,4628.7,4627.7,4628.2,152.0
2026-01-12T15:26:00+00:00,MGC,4629.3,4630.5,4629.2,4630.5,226.0
2026-01-12T15:27:00+00:00,MGC,4629.7,4630.4,4629.7,4630.1,77.0
2026-01-12T15:28:00+00:00,MGC,4628.7,4630.2,4628.7,4630.0,91.0
2026-01-12T15:29:00+00:00,MGC,4628.3,4628.6,4627.9,4628.4,52.0
2026-01-12T15:30:00+00:00,MGC,4629.8,4631.5,4629.8,4631.0,177.0
2026-01-12T15:31:00+00:00,MGC,4629.4,4629.5,4629.0,4629.2,22.0
2026-01-12T15:32:00+00:00,MGC,4629.3,4629.3,4628.9,4629.0,8.0
2026-01-12T15:33:00+00:00,MGC,4630.0,4631.3,4629.9,4630.9,89.0
2026-01-12T15:34:00+00:00,MGC,4633.1,4634.2,4633.1,4633.7,174.0
2026-01-12T15:35:00+00:00,MGC,4633.0,4633.8,4632.9,4633.7,54.0
2026-01-12T15:36:00+00:00,MGC,4634.5,4634.8,4634.2,4634.7,41.0
2026-01-12T15:37:00+00:00,MGC,4635.6,4636.6,4635.5,4636.0,97.0
2026-01-12T15:38:00+00:00,MGC,4634.7,4634.7,4633.4,4634.2,123.0
2026-01-12T15:39:00+00:00,MGC,4635.9,4636.1,4635.4,4635.5,39.0
2026-01-12T15:40:00+00:00,MGC,4637.1,4637.7,4637.0,4637.6,80.0
2026-01-12T15:41:00+00:00,MGC,4632.8,4633.9,4632.8,4633.9,57.0
2026-01-12T15:42:00+00:00,MGC,4634.0,4634.2,4633.8,4633.9,41.0
2026-01-12T15:43:00+00:00,MGC,4635.9,4636.3,4635.5,4635.5,59.0
2026-01-12T15:44:00+00:00,MGC,4636.9,4637.2,4636.3,4636.3,124.0
2026-01-12T15:45:00+00:00,MGC,4634.2,4635.1,4634.1,4635.1,32.0
2026-01-12T15:46:00+00:00,MGC,4634.8,4635.2,4634.7,4634.9,25.0
2026-01-12T15:47:00+00:00,MGC,4630.6,4631.0,4629.5,4629.9,207.0
2026-01-12T15:48:00+00:00,MGC,4632.2,4632.4,4631.3,4631.5,67.0
2026-01-12T15:49:00+00:00,MGC,4631.5,4632.1,4631.4,4631.8,48.0
2026-01-12T15:50:00+00:00,MGC,4632.3,4632.7,4632.1,4632.4,45.0
2026-01-12T15:51:00+00:00,MGC,4630.0,4630.9,4630.0,4630.9,82.0
2026-01-12T15:52:00+00:00,MGC,4632.8,4632.9,4632.3,4632.6,38.0
2026-01-12T15:53:00+00:00,MGC,4632.1,4632.4,4631.3,4632.0,36.0
2026-01-12T15:54:00+00:00,MGC,4631.0,4631.0,4629.7,4630.1,65.0
2026-01-12T15:55:00+00:00,MGC,4631.4,4631.4,4630.5,4631.1,46.0
2026-01-12T15:56:00+00:00,MGC,4630.0,4630.9,4630.0,4630.9,69.0
2026-01-12T15:57:00+00:00,MGC,4630.4,4630.5,4629.6,4630.2,37.0
2026-01-12T15:58:00+00:00,MGC,4631.3,4631.5,4630.6,4631.5,21.0
2026-01-12T15:59:00+00:00,MGC,4631.4,4631.5,4630.9,4631.1,41.0
2026-01-12T16:00:00+00:00,MGC,4630.8,4631.8,4630.7,4631.8,86.0
2026-01-12T16:01:00+00:00,MGC,4632.5,4632.6,4632.3,4632.5,17.0
2026-01-12T16:02:00+00:00,MGC,4630.6,4630.8,4630.3,4630.4,55.0
2026-01-12T16:03:00+00:00,MGC,4628.4,4628.4,4627.2,4628.1,126.0
2026-01-12T16:04:00+00:00,MGC,4630.0,4630.4,4629.4,4629.6,43.0
2026-01-12T16:05:00+00:00,MGC,4633.8,4634.1,4632.7,4632.9,124.0
2026-01-12T16:06:00+00:00,MGC,4633.1,4634.3,4633.0,4634.3,44.0
2026-01-12T16:07:00+00:00,MGC,4634.4,4635.0,4634.3,4634.6,83.0
2026-01-12T16:08:00+00:00,MGC,4634.4,4634.8,4634.4,4634.8,12.0
2026-01-12T16:09:00+00:00,MGC,4633.9,4634.7,4633.9,4634.5,33.0
2026-01-12T16:10:00+00:00,MGC,4634.7,4634.8,4634.6,4634.6,7.0
2026-01-12T16:11:00+00:00,MGC,4634.5,4634.9,4634.0,4634.1,50.0
2026-01-12T16:12:00+00:00,MGC,4634.2,4634.3,4633.7,4634.3,20.0
2026-01-12T16:13:00+00:00,MGC,4634.7,4635.2,4634.4,4635.1,61.0
2026-01-12T16:14:00+00:00,MGC,4638.6,4639.3,4638.6,4639.0,144.0
2026-01-12T16:15:00+00:00,MGC,4639.3,4639.6,4639.2,4639.6,67.0
2026-01-12T16:16:00+00:00,MGC,4638.5,4640.3,4638.5,4639.7,257.0
2026-01-12T16:17:00+00:00,MGC,4639.6,4639.6,4639.2,4639.4,35.0
2026-01-12T16:18:00+00:00,MGC,4640.0,4640.4,4639.7,4640.1,93.0
2026-01-12T16:19:00+00:00,MGC,4637.5,4637.6,4637.1,4637.6,79.0
2026-01-12T16:20:00+00:00,MGC,4638.2,4638.5,4638.0,4638.5,20.0
2026-01-12T16:21:00+00:00,MGC,4639.6,4639.7,4639.4,4639.6,30.0
2026-01-12T16:22:00+00:00,MGC,4637.2,4638.0,4637.1,4638.0,24.0
2026-01-12T16:23:00+00:00,MGC,4637.8,4637.8,4637.3,4637.3,39.0
2026-01-12T16:24:00+00:00,MGC,4634.8,4634.9,4634.0,4634.3,101.0
2026-01-12T16:25:00+00:00,MGC,4634.5,4634.6,4633.7,4634.0,85.0
2026-01-12T16:26:00+00:00,MGC,4632.3,4632.5,4631.2,4631.2,173.0
2026-01-12T16:27:00+00:00,MGC,4631.4,4631.7,4631.4,4631.6,32.0
2026-01-12T16:28:00+00:00,MGC,4631.7,4632.4,4631.7,4632.2,34.0
2026-01-12T16:29:00+00:00,MGC,4631.5,4631.5,4630.6,4630.7,29.0
2026-01-12T16:30:00+00:00,MGC,4630.0,4630.2,4629.9,4630.1,39.0
2026-01-12T16:31:00+00:00,MGC,4630.9,4631.0,4630.4,4630.6,22.0
2026-01-12T16:32:00+00:00,MGC,4632.1,4632.4,4632.1,4632.4,11.0
2026-01-12T16:33:00+00:00,MGC,4631.2,4631.2,4630.3,4630.3,90.0
2026-01-12T16:34:00+00:00,MGC,4633.0,4633.0,4632.7,4633.0,24.0
2026-01-12T16:35:00+00:00,MGC,4631.5,4633.3,4631.5,4632.5,71.0
2026-01-12T16:36:00+00:00,MGC,4630.0,4630.4,4629.5,4630.4,44.0
2026-01-12T16:37:00+00:00,MGC,4626.6,4626.7,4625.7,4626.0,91.0
2026-01-12T16:38:00+00:00,MGC,4626.0,4626.1,4625.6,4625.8,47.0
2026-01-12T16:39:00+00:00,MGC,4625.0,4625.7,4624.8,4625.2,57.0
2026-01-12T16:40:00+00:00,MGC,4623.5,4624.2,4623.4,4624.0,37.0
2026-01-12T16:41:00+00:00,MGC,4618.3,4619.1,4617.4,4618.1,310.0
2026-01-12T16:42:00+00:00,MGC,4622.0,4622.6,4622.0,4622.4,46.0
2026-01-12T16:43:00+00:00,MGC,4621.7,4622.5,4621.4,4622.3,56.0
2026-01-12T16:44:00+00:00,MGC,4621.9,4621.9,4621.3,4621.7,39.0
2026-01-12T16:45:00+00:00,MGC,4622.7,4623.3,4622.4,4623.3,47.0
2026-01-12T16:46:00+00:00,MGC,4625.6,4626.1,4625.6,4625.8,63.0
2026-01-12T16:47:00+00:00,MGC,4624.7,4626.0,4624.4,4625.8,68.0
2026-01-12T16:48:00+00:00,MGC,4625.6,4625.8,4625.3,4625.5,27.0
2026-01-12T16:49:00+00:00,MGC,4626.3,4626.4,4626.0,4626.1,20.0
2026-01-12T16:50:00+00:00,MGC,4625.9,4628.4,4625.9,4628.0,255.0
2026-01-12T16:51:00+00:00,MGC,4626.2,4626.5,4626.2,4626.4,14.0
2026-01-12T16:52:00+00:00,MGC,4627.0,4627.0,4627.0,4627.0,2.0
2026-01-12T16:53:00+00:00,MGC,4626.7,4627.0,4626.6,4626.7,18.0
2026-01-12T16:54:00+00:00,MGC,4628.3,4628.3,4627.9,4628.1,24.0
2026-01-12T16:55:00+00:00,MGC,4627.2,4627.2,4626.7,4626.8,48.0
2026-01-12T16:56:00+00:00,MGC,4626.3,4626.4,4626.1,4626.2,13.0
2026-01-12T16:57:00+00:00,MGC,4625.5,4626.2,4625.4,4625.9,75.0
2026-01-12T16:58:00+00:00,MGC,4626.0,4626.0,4624.6,4625.0,91.0
2026-01-12T16:59:00+00:00,MGC,4627.3,4627.4,4626.9,4626.9,14.0
2026-01-12T17:00:00+00:00,MGC,4627.0,4627.1,4626.3,4626.6,64.0
2026-01-12T17:01:00+00:00,MGC,4628.0,4628.0,4627.1,4627.2,84.0
2026-01-12T17:02:00+00:00,MGC,4627.6,4627.6,4627.1,4627.1,18.0
2026-01-12T17:03:00+00:00,MGC,4628.0,4628.1,4627.1,4627.3,41.0
2026-01-12T17:04:00+00:00,MGC,4628.0,4628.2,4627.0,4627.0,38.0
2026-01-12T17:05:00+00:00,MGC,4626.1,4626.3,4625.8,4626.3,33.0
2026-01-12T17:06:00+00:00,MGC,4626.1,4626.5,4626.0,4626.4,22.0
2026-01-12T17:07:00+00:00,MGC,4625.8,4626.0,4625.7,4626.0,21.0
2026-01-12T17:08:00+00:00,MGC,4626.0,4626.2,4625.9,4626.1,10.0
2026-01-12T17:09:00+00:00,MGC,4624.7,4625.2,4624.4,4625.2,61.0
2026-01-12T17:10:00+00:00,MGC,4623.6,4623.7,4623.4,4623.5,21.0
2026-01-12T17:11:00+00:00,MGC,4625.0,4625.6,4625.0,4625.6,29.0
2026-01-12T17:12:00+00:00,MGC,4624.5,4624.6,4624.4,4624.4,15.0
2026-01-12T17:13:00+00:00,MGC,4625.6,4626.3,4625.4,4626.1,89.0
2026-01-12T17:14:00+00:00,MGC,4625.7,4625.7,4625.5,4625.7,10.0
2026-01-12T17:15:00+00:00,MGC,4624.9,4625.1,4624.9,4625.1,8.0
2026-01-12T17:16:00+00:00,MGC,4625.3,4625.4,4625.2,4625.3,10.0
2026-01-12T17:17:00+00:00,MGC,4625.9,4625.9,4625.8,4625.8,5.0
2026-01-12T17:18:00+00:00,MGC,4626.8,4627.2,4626.6,4626.9,52.0
2026-01-12T17:19:00+00:00,MGC,4625.4,4625.9,4625.4,4625.9,26.0
2026-01-12T17:20:00+00:00,MGC,4625.4,4625.6,4625.4,4625.6,14.0
2026-01-12T17:21:00+00:00,MGC,4623.6,4623.6,4623.3,4623.6,26.0
2026-01-12T17:22:00+00:00,MGC,4623.5,4623.6,4622.6,4623.1,65.0
2026-01-12T17:23:00+00:00,MGC,4625.5,4625.5,4625.0,4625.3,65.0
2026-01-12T17:24:00+00:00,MGC,4626.3,4626.3,4625.1,4625.5,69.0
2026-01-12T17:25:00+00:00,MGC,4625.9,4626.0,4625.7,4625.9,10.0
2026-01-12T17:26:00+00:00,MGC,4626.9,4626.9,4626.6,4626.7,18.0
2026-01-12T17:27:00+00:00,MGC,4625.4,4625.7,4625.4,4625.7,32.0
2026-01-12T17:28:00+00:00,MGC,4625.6,4625.9,4625.6,4625.8,12.0
2026-01-12T17:29:00+00:00,MGC,4626.4,4626.4,4625.9,4625.9,6.0
2026-01-12T17:30:00+00:00,MGC,4626.0,4626.1,4625.3,4625.3,23.0
2026-01-12T17:31:00+00:00,MGC,4625.3,4626.1,4625.3,4626.0,41.0
2026-01-12T17:32:00+00:00,MGC,4625.7,4625.9,4625.3,4625.6,47.0
2026-01-12T17:33:00+00:00,MGC,4626.0,4626.0,4625.5,4625.5,31.0
2026-01-12T17:34:00+00:00,MGC,4625.0,4625.0,4625.0,4625.0,1.0
2026-01-12T17:35:00+00:00,MGC,4622.8,4623.6,4622.3,4623.4,73.0
2026-01-12T17:36:00+00:00,MGC,4620.7,4620.8,4620.1,4620.5,33.0
2026-01-12T17:37:00+00:00,MGC,4621.3,4621.3,4621.1,4621.2,20.0
2026-01-12T17:38:00+00:00,MGC,4622.8,4623.0,4622.6,4622.6,23.0
2026-01-12T17:39:00+00:00,MGC,4624.0,4625.1,4624.0,4624.9,53.0
2026-01-12T17:40:00+00:00,MGC,4623.3,4623.5,4623.0,4623.5,20.0
2026-01-12T17:41:00+00:00,MGC,4622.1,4622.2,4621.9,4622.0,38.0
2026-01-12T17:42:00+00:00,MGC,4621.8,4622.4,4621.6,4622.4,19.0
2026-01-12T17:43:00+00:00,MGC,4623.5,4623.7,4623.5,4623.7,8.0
2026-01-12T17:44:00+00:00,MGC,4623.5,4623.5,4622.9,4622.9,38.0
